employee,department,valid_from,valid_to
Prescott Bonnell,Services,1986-09-02 17:39:49,2018-08-11 12:02:53
Brett Swafford,Training,1978-03-07 16:38:57,2018-07-23 00:58:55
Esme Duchant,Legal,1997-08-17 22:12:56,2017-11-23 10:08:00
Livia Paxforde,Training,1983-07-17 08:20:32,2018-04-02 16:44:03
Bennett Tagg,Legal,2006-04-16 10:07:54,2017-12-26 04:21:26
Kaylee Gorringe,Services,1974-12-15 23:06:06,2018-07-11 10:39:27
Dodie O'Kerin,Marketing,1971-05-07 09:38:23,2018-03-24 03:06:24
Loretta felip,Training,1981-03-23 11:18:49,2018-05-27 03:19:00
Mareah Marten,Training,1979-12-31 06:16:34,2018-04-05 20:15:05
Jodie Glozman,Product Management,1992-05-13 06:14:12,2018-01-27 23:18:17
Orbadiah O'Shevlin,Research and Development,2006-02-04 10:06:53,2017-11-22 04:33:47
Myranda Geck,Legal,1999-04-09 15:45:37,2018-05-24 14:38:15
Georgine Mion,Support,1991-05-31 20:39:05,2018-04-15 02:17:22
Andreana Cherrie,Research and Development,1975-02-04 16:03:30,2018-07-13 19:36:49
Lauralee Whayman,Research and Development,1989-05-30 08:52:03,2018-03-31 13:28:08
Skyler Swatridge,Product Management,2017-07-23 09:42:35,2018-06-21 20:04:29
Madlen Rioch,Human Resources,1980-01-18 01:01:52,2018-01-25 11:59:04
Ingunna Bromfield,Engineering,2002-10-05 08:02:43,2018-03-25 13:08:27
Darrell Kern,Accounting,1997-12-06 21:11:16,2017-10-04 16:53:37
Terrence Harrild,Sales,1997-02-17 08:54:51,2018-01-03 21:10:25
Saleem Gritsunov,Human Resources,1980-07-20 00:54:34,2018-05-25 09:13:35
Conni Douberday,Accounting,2010-12-07 21:44:32,2018-01-25 12:16:37
Colline Ungerechts,Marketing,1979-11-26 06:58:18,2018-09-10 03:40:46
Ward Lummasana,Sales,1979-06-01 21:00:42,2018-09-07 17:07:33
Randene Le Surf,Training,1972-11-04 21:45:03,2018-08-22 16:23:33
Phaedra Lates,Business Development,2001-11-21 04:58:36,2017-10-10 05:41:26
Fernandina McKeown,Research and Development,2007-02-05 07:54:30,2018-02-17 01:39:51
Gena MacGiany,Sales,1998-12-15 04:48:43,2018-03-22 11:38:59
Maison Wilce,Training,2004-01-19 22:05:00,2018-05-22 16:17:23
Jessy Board,Human Resources,2004-09-15 11:47:26,2018-09-20 10:57:10
Netti Brunsen,Engineering,1983-10-29 05:28:03,2018-02-11 23:20:06
Yul Bottrill,Marketing,2008-01-16 18:15:44,2018-09-17 03:45:45
Emilia Habeshaw,Sales,2009-05-28 19:27:10,2018-04-30 15:36:23
Gracie Stannard,Marketing,1975-01-20 01:49:55,2017-10-14 07:14:12
Daniela Milton-White,Research and Development,1995-12-18 19:10:47,2018-06-29 20:01:26
Rebeca Gabe,Legal,1974-03-20 08:14:57,2018-03-27 17:26:39
Marlin Peek,Training,1979-01-21 10:53:09,2018-04-13 15:41:37
Darlleen Duer,Training,1982-09-03 22:34:14,2017-10-18 07:00:34
Demetria Jurkowski,Human Resources,1987-02-27 06:42:50,2018-07-06 00:15:02
Zackariah McGillecole,Marketing,1994-05-14 03:58:41,2018-08-02 22:19:34
Calypso Farans,Legal,1983-04-14 12:11:45,2018-01-31 14:27:44
Evyn Werrit,Business Development,2004-03-07 05:50:39,2018-05-01 17:40:00
Lory McGraffin,Accounting,1974-10-29 22:26:01,2018-06-15 11:53:40
Aeriel Pirt,Engineering,2009-06-04 23:05:35,2018-05-25 06:02:33
Andres Mourgue,Business Development,2014-10-09 10:39:02,2018-03-07 04:27:17
Blakelee Landeaux,Marketing,1994-03-02 12:45:30,2018-07-16 17:12:57
Ware Brimblecomb,Research and Development,1982-12-31 17:21:10,2018-03-04 08:57:57
Silas Mawne,Sales,1980-04-01 20:06:58,2018-03-13 08:35:36
Lauren Batts,Training,2011-12-26 02:08:08,2018-06-08 14:55:51
Daune Antonelli,Marketing,1972-02-26 06:06:10,2017-10-27 21:15:37
Ruby Drust,Accounting,1974-02-21 11:28:37,2018-07-06 17:03:16
Jess Tempest,Human Resources,1972-06-28 13:32:47,2017-10-23 17:51:13
Netty Axtens,Training,2004-11-12 18:24:37,2018-02-03 19:20:04
Debby Bollom,Legal,1970-09-12 23:04:37,2018-03-19 20:11:22
Talya Basek,Training,1974-07-13 23:45:04,2018-02-12 17:37:18
Bond Swanton,Accounting,1995-07-31 02:19:46,2017-11-15 03:33:44
Claudius Maskrey,Research and Development,1970-10-05 23:15:50,2018-08-05 20:00:09
Alfy Ferronel,Support,2006-05-31 07:16:37,2018-02-09 10:11:07
Georgetta Winders,Accounting,2000-08-09 23:43:27,2018-02-22 22:16:52
Neal Elcy,Sales,2002-01-27 14:08:44,2017-10-30 20:24:06
Kimberley Alessandone,Marketing,1980-10-09 01:17:25,2018-08-07 12:37:30
Lilyan Van der Brug,Support,2008-04-04 02:19:21,2018-08-10 09:20:31
Deane Millis,Support,2013-01-03 22:21:54,2018-08-18 20:20:01
Agnes MacGibbon,Engineering,1976-06-16 15:33:17,2018-09-26 14:54:30
Betsy Cockland,Product Management,2005-04-07 12:31:36,2018-09-08 15:39:42
Alonso Bukowski,Services,1975-11-02 11:13:18,2018-08-11 06:11:51
Devinne Roussel,Research and Development,2001-03-24 04:56:50,2018-05-28 15:07:23
Melicent Thewys,Research and Development,1988-05-02 23:40:15,2018-02-15 07:30:03
Glynda Lyven,Product Management,2016-04-07 13:31:36,2018-09-25 13:35:30
Bear Ruprechter,Sales,2002-04-25 20:31:39,2018-03-30 14:32:37
Dukie Skamell,Marketing,2003-03-07 16:12:35,2017-10-29 18:27:21
Menard Broggetti,Accounting,2002-02-20 13:05:48,2018-08-26 15:34:12
Amos Kenyam,Services,1994-09-06 15:32:07,2018-01-09 21:34:02
Roberta Coltart,Research and Development,1992-11-30 07:15:14,2017-11-26 09:35:46
Nona Van Der Straaten,Accounting,2004-02-08 09:39:04,2018-06-30 08:57:16
Kaila Baudasso,Marketing,1998-03-16 03:49:40,2018-08-05 07:39:15
Ximenes Clutton,Legal,2000-06-28 14:53:09,2018-03-07 08:22:50
Kendra Lipgens,Services,1992-07-24 03:13:03,2018-06-20 19:16:05
Noellyn Stables,Marketing,1977-02-13 05:12:59,2018-01-30 03:22:32
Melania Pinfold,Sales,1992-01-05 07:55:39,2018-08-02 03:01:27
Killian Ailmer,Business Development,2012-12-28 16:45:14,2018-08-12 13:58:12
Mufinella O'Hollegan,Legal,1994-12-18 10:32:54,2018-07-19 15:01:11
Thorn Moulding,Support,1999-04-20 15:15:55,2018-05-07 22:35:46
Jobi Blincow,Marketing,2012-04-17 05:24:09,2018-02-02 07:24:42
Garnet Lantoph,Support,1994-07-14 12:57:18,2017-12-02 12:23:50
Buddie Petrazzi,Accounting,2002-07-26 16:14:25,2017-11-24 03:05:01
Edwin Thwaite,Human Resources,2018-03-21 15:28:32,2018-06-21 16:52:37
Hirsch Ugoletti,Accounting,2013-06-25 11:12:59,2018-01-22 06:06:56
Waylon Magne,Support,2009-01-23 07:34:44,2018-02-08 20:27:48
Kerri Damato,Support,1999-03-17 02:26:34,2018-01-20 17:18:54
Raphaela Runciman,Sales,2009-07-14 23:38:56,2018-05-21 03:19:06
Corette Damiral,Human Resources,2000-05-15 04:13:42,2018-05-22 20:32:50
Chris Wigginton,Research and Development,1997-12-30 11:05:23,2018-02-22 22:16:06
Legra O'Cassidy,Business Development,1974-12-31 21:35:48,2017-11-21 00:19:11
Ezekiel Sponer,Engineering,1980-04-24 05:48:23,2018-07-28 23:40:38
Raffarty Gerrad,Engineering,1975-11-28 02:21:53,2018-09-10 12:09:21
Inessa Scurrah,Support,1975-12-29 01:39:14,2018-08-24 07:54:20
Brittney Kingcott,Accounting,1981-05-23 07:02:30,2018-09-18 23:57:08
Hortense Lowre,Human Resources,1978-08-08 05:37:58,2018-08-13 14:51:30
Madelyn Mitro,Accounting,2016-03-02 15:31:10,2017-10-26 12:56:14
Lela Briggdale,Marketing,1973-09-14 13:38:45,2018-05-04 20:19:54
Zeke Bownd,Marketing,1987-02-19 15:07:19,2018-09-28 19:42:51
Emmy Huntress,Marketing,1975-11-30 23:20:34,2017-11-10 21:40:15
Cob Krienke,Training,2016-12-28 14:20:48,2017-11-25 11:44:25
Barbette Bodechon,Research and Development,1970-12-08 04:40:23,2018-10-01 22:39:01
Judas Eltone,Marketing,1990-04-07 13:02:07,2018-09-16 06:24:03
Ardys Etheredge,Accounting,2007-05-31 22:22:19,2017-12-30 05:08:28
Harriett Willavoys,Training,1981-12-16 15:00:16,2018-01-07 07:42:29
Nial Graber,Support,1980-09-13 16:40:13,2018-01-04 04:48:26
Marena Timpany,Marketing,1996-03-28 06:20:05,2018-04-04 18:44:57
Breena McOmish,Training,2004-01-12 17:17:53,2018-04-10 01:29:06
Tierney Beckford,Product Management,1977-08-03 18:15:57,2017-11-06 09:11:19
Andra Fieldsend,Business Development,1999-01-24 01:09:56,2018-02-12 14:17:12
Oby Boles,Services,1987-07-06 23:16:59,2017-10-10 14:55:36
Carleen Toretta,Business Development,1973-10-14 20:32:42,2018-09-10 18:49:24
Gwenny Glowacha,Training,2004-12-01 15:27:55,2018-07-03 11:07:17
Julius Mourge,Research and Development,1994-08-16 20:30:32,2018-09-23 07:00:11
Forbes Lauderdale,Engineering,2009-09-10 14:06:47,2017-10-24 18:52:55
Herschel Valenti,Services,2001-12-16 22:41:57,2017-12-05 12:17:46
Yance Measham,Marketing,2018-02-16 23:38:03,2018-08-25 14:40:14
Parry de Quesne,Engineering,1991-12-07 17:43:05,2017-12-29 18:09:23
Godiva Arnoldi,Support,1984-06-02 21:25:17,2017-11-25 09:13:57
Viole Blackford,Product Management,2016-10-16 00:09:53,2018-03-15 02:49:16
Robbyn Dundon,Business Development,1981-06-06 03:33:45,2018-08-29 03:00:55
Elana Graal,Engineering,2005-06-17 13:14:08,2017-10-26 11:50:26
Zechariah Ramsdell,Services,1974-10-08 03:06:26,2018-07-26 00:19:16
Kerstin Posselwhite,Services,2008-12-09 19:33:17,2017-11-24 02:46:15
Angele Goodlad,Marketing,2016-12-09 18:35:23,2018-02-25 06:29:26
Alexina Kiehl,Accounting,1977-02-16 20:41:55,2018-02-03 18:34:07
Consolata Jellings,Product Management,2010-11-18 11:00:26,2018-01-17 19:38:23
Codie Thebeau,Sales,1999-12-10 14:18:26,2017-12-19 11:00:18
Rowen Blitzer,Human Resources,1972-07-29 08:47:56,2018-05-10 13:58:13
Flory Fleetham,Engineering,2006-08-31 14:39:52,2018-03-06 11:43:59
Gayle Sturgis,Marketing,2012-04-17 23:35:08,2018-02-17 09:52:42
Ad Le Grove,Business Development,1993-05-21 09:10:20,2017-10-21 18:26:37
Gasper Heap,Training,1973-02-12 14:13:27,2017-12-20 01:38:03
Rene Suggitt,Services,1990-05-13 14:39:52,2018-04-30 15:07:14
Ileana Windows,Product Management,2001-02-26 06:22:00,2018-01-12 20:11:13
Cassie McKinnon,Accounting,1993-08-24 01:50:42,2018-01-29 14:43:11
Timi Laffranconi,Training,2014-11-12 02:18:31,2018-09-14 10:29:07
Claus Shand,Training,1976-07-12 01:38:12,2017-10-08 11:16:36
Kori Twinterman,Legal,1974-01-21 20:13:55,2018-04-28 07:31:27
Bondon McGaffey,Marketing,1980-11-17 01:19:51,2017-12-01 16:14:30
Lek Percifull,Research and Development,1980-07-12 05:51:37,2018-05-18 11:36:53
Ardith Hurburt,Training,2014-06-11 18:50:05,2018-07-23 22:01:01
Toma Matteacci,Engineering,1992-12-26 09:11:59,2018-05-02 19:14:19
Jarred Beckmann,Accounting,1972-06-24 06:25:30,2017-12-01 23:44:37
Roseann Chipchase,Services,1992-05-12 21:39:27,2017-11-04 00:54:59
Reinaldo Willman,Engineering,1987-09-16 20:04:20,2018-03-29 15:47:05
Shelia Vedekhin,Product Management,1994-09-02 06:38:06,2017-12-24 11:47:44
Trstram Gooding,Services,1973-01-08 17:06:51,2018-04-21 18:32:11
Aldwin Kiessel,Marketing,1999-11-10 01:16:32,2018-02-14 11:45:05
Devy Korb,Research and Development,1976-05-03 04:43:20,2018-04-30 00:14:47
Berty McClaren,Legal,1988-01-07 02:14:13,2018-06-17 10:43:28
Domini Minero,Support,1993-01-23 03:32:07,2018-09-01 14:12:14
Donni Pach,Services,1985-07-18 13:53:31,2017-10-14 21:55:07
Danny Rutledge,Training,1998-10-06 11:22:37,2018-04-11 23:08:49
Hashim Dyter,Services,1973-08-06 14:03:31,2017-11-16 14:15:32
Jen Kelloch,Services,1975-08-26 06:00:25,2018-08-18 00:28:28
Jodee Gurnett,Human Resources,2007-06-05 18:03:33,2018-07-01 14:13:57
Elyn Paddington,Legal,1995-09-06 16:14:02,2018-02-15 12:19:21
Melina Giveen,Training,1993-06-04 22:14:18,2017-12-19 09:00:55
Cherri Larking,Sales,1983-09-09 04:46:28,2018-04-27 17:37:35
Norbie Sheard,Sales,1999-08-06 11:44:20,2018-08-30 20:03:21
Ilene Lambourne,Sales,1988-12-27 00:39:44,2018-09-09 09:25:00
Anthe Stanman,Legal,1990-02-20 21:56:07,2018-04-09 08:12:40
Siusan Beurich,Research and Development,1990-12-19 23:55:06,2018-07-23 09:51:08
Rose Burlay,Engineering,2007-08-19 02:55:41,2018-06-21 16:22:28
Sibley Lyal,Legal,2003-05-22 06:18:04,2018-04-01 22:20:04
Munmro Cawcutt,Human Resources,2004-09-29 13:21:34,2018-07-26 00:07:22
Ashely Voaden,Sales,1986-05-23 10:59:58,2017-10-20 21:01:16
Lesley Lowndes,Accounting,1997-07-12 09:15:43,2018-07-23 15:18:00
Charisse Fallon,Accounting,1976-10-03 08:56:33,2018-03-13 23:42:31
Mame Hollows,Product Management,2001-12-03 12:05:28,2018-09-10 05:54:19
Orion Lugton,Sales,1987-03-09 05:10:46,2018-10-01 21:27:13
Cathleen Wissbey,Marketing,1974-12-22 12:30:45,2018-03-12 22:04:07
Murial Ellam,Sales,2016-04-09 23:10:40,2018-09-24 03:58:50
Waylen Dix,Human Resources,2014-03-06 07:45:18,2018-01-05 19:04:58
Lorinda Fitzpayn,Marketing,1989-03-19 11:27:30,2018-04-07 10:25:06
Devin Isham,Sales,1976-01-01 23:44:43,2018-03-08 08:28:33
Eda St Angel,Sales,1992-02-05 01:05:47,2017-12-09 13:57:02
Jacinta Kneale,Support,1979-02-18 00:50:21,2018-03-13 03:40:54
Guinna Polkinghorne,Training,1989-06-19 17:43:48,2018-02-17 18:26:35
Arny Innwood,Engineering,1978-07-09 02:31:53,2018-06-15 17:27:50
Sharline Gulliver,Marketing,2005-03-18 17:21:34,2017-12-31 20:37:58
Carleen Martino,Engineering,1996-11-19 06:48:09,2018-07-18 19:01:19
Doria Vamplers,Product Management,2014-10-03 00:14:43,2018-04-19 09:32:45
Joana MacCartair,Human Resources,1979-11-10 23:35:12,2018-08-13 17:33:32
Etty Burd,Business Development,2009-03-12 23:31:28,2017-11-06 22:46:32
Jenny Polson,Sales,1987-10-27 02:24:02,2018-07-20 10:20:52
Friedrick Kyrkeman,Engineering,1993-09-25 04:38:09,2018-05-10 09:17:59
Malissa Entissle,Accounting,1993-01-27 23:21:20,2018-05-27 21:24:35
Dawna Linforth,Sales,2014-03-04 04:31:24,2018-05-25 23:04:22
Vidovic Moralis,Accounting,1991-03-16 05:34:46,2017-10-12 22:04:40
Vina Izkoveski,Services,2009-01-27 14:48:50,2018-08-18 18:41:03
Garry Durie,Research and Development,2010-01-01 04:46:33,2018-07-30 09:40:57
Birgit Borg-Bartolo,Training,1978-11-15 07:39:06,2017-10-06 01:16:31
Chelsae Hallor,Legal,2000-11-27 13:01:41,2018-08-13 09:07:30
Susy Rooze,Training,1993-03-02 19:47:53,2017-11-02 22:17:12
Georgeanna Valett,Sales,2014-07-08 02:16:52,2018-06-13 10:06:20
Carin Brockley,Sales,1977-09-23 18:45:10,2018-06-24 04:17:41
Maurise Mellor,Research and Development,2006-08-04 11:56:43,2018-07-12 07:40:44
Geordie Ketchaside,Product Management,1986-04-17 09:45:11,2018-10-01 00:17:52
Ashely Delhay,Human Resources,1971-02-22 11:14:13,2018-03-24 10:56:36
Baird Forten,Training,2006-12-05 22:22:55,2017-12-09 18:09:28
Annabela Maso,Marketing,1970-05-19 23:41:15,2018-08-21 03:13:39
Linn Ancell,Support,1991-07-22 18:40:56,2017-10-31 17:14:11
Marline Donett,Support,1973-05-25 04:29:36,2018-06-12 09:32:04
Chariot Rutgers,Business Development,1976-09-11 03:23:51,2018-08-03 20:19:11
Emanuele Bolesma,Sales,1978-02-23 21:11:25,2017-11-30 13:06:59
Maynard Gillingwater,Accounting,1970-01-21 00:43:31,2017-11-12 15:54:22
Adriena Kimmel,Services,1980-10-29 07:55:14,2018-07-04 23:41:23
Ware Dulieu,Engineering,1999-04-09 03:05:00,2017-12-11 20:11:50
Adora Mulqueeny,Business Development,1998-09-25 23:10:29,2018-10-02 09:37:41
Bronson Bellay,Product Management,1992-03-20 02:48:38,2018-04-18 05:08:36
Elvyn Lackner,Support,2001-09-05 08:21:32,2018-01-30 03:19:17
Elbertina Anneslie,Sales,1990-09-13 01:32:38,2018-05-20 23:45:57
Gwenora Tender,Support,2014-11-17 07:35:31,2018-01-25 03:59:54
Olivero Steade,Services,1973-02-02 08:30:40,2018-10-01 03:42:53
Babbette Fogt,Product Management,2004-05-25 11:47:03,2018-05-29 21:52:45
Gabriel Caven,Human Resources,1986-03-11 06:10:05,2017-11-29 07:01:14
Sybilla Domaschke,Marketing,1988-04-07 12:37:00,2018-06-21 05:41:30
Skipton Jamot,Services,1979-05-20 14:19:54,2018-07-07 07:49:38
Jorie Pinnocke,Human Resources,2018-05-06 08:37:39,2018-07-09 07:29:07
Jessee Rowswell,Human Resources,2010-10-25 21:27:24,2018-07-22 03:02:41
Francisca Thuillier,Support,2004-09-25 21:32:41,2018-07-30 06:32:26
Micaela Febvre,Legal,1973-04-28 14:00:45,2017-12-12 05:10:18
Lennard Kemster,Sales,1995-12-25 16:16:33,2018-05-13 10:12:33
Tracey Tilbey,Accounting,2015-07-19 03:28:03,2018-05-05 18:13:50
Alix Akroyd,Sales,1973-12-27 11:10:02,2018-01-26 21:50:08
Kalli Heersma,Human Resources,1976-05-29 23:02:42,2018-04-04 18:02:06
Gabbey Goodey,Accounting,1994-06-03 03:25:45,2018-04-05 02:40:20
Vachel Lyndon,Research and Development,1995-05-10 08:18:02,2018-05-22 18:36:22
Sly Gleaves,Training,1973-11-17 16:49:17,2018-08-04 22:21:15
Alverta Swetman,Human Resources,1971-11-27 14:29:18,2018-08-01 14:25:23
Ajay O'Crevy,Training,1998-01-24 13:28:32,2018-04-11 21:06:10
Margeaux Kmicicki,Legal,2008-05-18 10:36:12,2017-12-13 01:37:29
Ted Nelthropp,Marketing,1990-02-15 13:47:41,2018-05-07 17:43:43
Clemence Petlyura,Training,2017-08-05 01:55:48,2018-02-06 23:29:42
Brynne Rollins,Product Management,2016-11-29 21:11:11,2018-03-16 23:59:29
Alexandrina Livermore,Engineering,1997-08-29 01:54:49,2018-03-11 13:11:14
Heindrick Kummerlowe,Services,1982-02-27 01:54:56,2018-06-18 18:35:35
Rufe Wollacott,Legal,2009-05-17 10:32:05,2018-04-16 05:27:54
Joly Dell Casa,Product Management,1990-03-24 13:19:39,2018-08-19 07:10:44
Ynes D'eathe,Support,1976-11-04 21:19:22,2018-09-21 07:11:00
Devonne Fullerlove,Research and Development,1980-04-08 04:02:20,2018-08-30 02:23:40
Fields Chowne,Human Resources,1974-06-21 00:44:10,2018-03-30 21:12:41
Krystalle Duckham,Marketing,1975-06-20 17:48:33,2017-12-11 20:53:59
Babbie Hembry,Legal,1987-01-26 18:24:50,2018-02-24 08:26:21
Florentia Cowerd,Engineering,2013-01-07 11:36:49,2017-12-14 03:59:30
Lucky Bartleman,Research and Development,2005-03-19 20:17:25,2018-02-14 04:51:06
Eveleen Blanning,Business Development,1976-04-18 22:06:31,2018-04-12 01:34:22
Brynne Zoellner,Services,1975-03-17 14:38:58,2018-09-17 03:48:37
Jedediah Dobson,Engineering,2008-03-14 12:10:51,2018-05-09 20:57:41
Wilt Bygate,Accounting,1991-12-10 22:54:54,2018-04-16 14:19:46
Ami Ziems,Services,1988-03-02 18:32:12,2018-09-18 01:43:41
Dede Ianitti,Research and Development,2002-03-15 20:54:32,2018-07-10 13:59:58
Keith Newcomb,Support,1990-05-09 05:07:08,2018-02-04 22:29:16
Giorgia Colthard,Support,2002-06-12 23:03:55,2018-05-08 23:11:34
Viva Strivens,Legal,2013-02-12 12:52:36,2017-11-15 00:27:23
Jemie Ximenez,Product Management,2014-07-02 13:33:36,2018-05-30 15:24:21
Fanya Markussen,Product Management,2000-02-19 21:39:23,2017-11-17 01:58:51
Jade Barriball,Legal,1977-11-08 03:05:09,2018-02-18 05:08:12
Linea Portsmouth,Training,1978-08-02 21:17:33,2018-02-24 12:12:33
Madelyn Annis,Human Resources,1998-11-19 08:44:07,2018-02-01 06:55:41
Ardyth Kidsley,Training,2007-03-24 12:34:55,2018-06-21 01:54:17
Nealon Grief,Services,1982-03-17 10:04:33,2017-12-01 13:21:35
Corette Birrane,Human Resources,1995-07-14 18:49:14,2018-09-27 16:36:44
Claybourne Hollyland,Accounting,2017-02-22 10:04:06,2018-09-22 21:48:22
Leia Corriea,Legal,2005-04-11 10:24:04,2017-12-30 22:21:12
Casandra Greiser,Services,1971-10-24 05:54:31,2018-06-23 00:52:25
Helen Croll,Engineering,1992-09-11 06:48:00,2018-02-27 22:54:16
Lavina Yonge,Training,2008-02-04 13:44:23,2017-12-05 07:32:13
Gerhardine Coghlin,Sales,2012-11-12 15:09:28,2018-03-25 08:13:40
Aldric Marten,Legal,1987-12-21 11:00:05,2018-03-28 19:40:32
Jenda Baudic,Business Development,1983-05-19 13:47:38,2018-03-17 19:11:50
Alison Hindsberg,Accounting,2001-10-06 07:02:10,2017-12-09 20:17:11
Verine Croker,Training,1987-10-13 01:27:56,2018-01-15 10:44:05
Georgie Tipler,Training,1993-02-27 05:52:27,2017-12-06 18:27:23
Katherine Oakey,Support,2013-12-08 19:47:54,2017-11-10 22:59:34
Berny Woodeson,Human Resources,1990-04-20 03:04:28,2017-10-25 23:59:59
Bernadina Snooks,Services,2000-09-03 15:53:22,2017-11-03 20:04:35
Waylan Gelder,Engineering,1992-12-03 06:34:28,2017-11-27 13:15:42
Colman Ewings,Services,2005-02-04 22:31:35,2017-12-09 04:04:12
Arthur Di Carlo,Product Management,2000-11-30 19:36:50,2018-05-20 08:31:09
Valaree Alexandre,Human Resources,2004-01-07 06:55:54,2018-02-03 16:42:29
Wolfgang Doret,Research and Development,1979-04-21 18:23:53,2018-04-03 18:21:20
Stuart Cornford,Human Resources,2004-08-24 07:25:14,2018-05-26 21:30:17
Therine Idill,Human Resources,2008-03-24 10:56:06,2018-06-17 07:34:58
Ruby Orta,Engineering,2007-07-27 01:08:08,2018-04-12 20:13:20
Lemar Hilbourne,Marketing,1999-05-09 23:30:59,2018-04-20 06:36:27
Ad Luigi,Sales,2002-09-21 02:21:43,2018-08-22 06:53:46
Georgianna Casely,Support,1994-05-07 06:38:05,2018-04-13 09:03:31
Evy MacRierie,Sales,2017-04-28 10:34:42,2018-09-23 02:18:51
Caldwell Petrolli,Support,1980-12-09 09:50:28,2018-02-04 21:27:22
Margret Everit,Legal,2006-08-16 09:44:31,2018-07-02 16:28:41
Chaim Petyanin,Research and Development,1974-06-25 07:42:59,2017-11-10 03:53:56
Nancey Brandino,Human Resources,1980-08-19 11:00:29,2018-05-02 20:05:52
Isiahi Thornewell,Support,2009-11-25 00:47:01,2018-04-26 12:14:23
Si Strattan,Human Resources,1983-08-18 10:12:09,2018-03-24 15:29:00
Collin Squibbes,Legal,1987-08-07 15:15:23,2018-03-18 11:26:40
Correy McBeith,Product Management,1979-06-10 10:23:05,2018-01-11 00:49:29
Consalve Mattingson,Business Development,1992-09-12 15:08:54,2017-11-20 10:53:28
Cece Moncur,Services,1978-02-23 08:02:26,2018-06-18 15:08:07
Auguste Kinnear,Research and Development,1974-12-18 10:35:07,2017-10-27 02:00:25
Norri Meedendorpe,Product Management,2000-01-22 18:43:42,2018-08-02 02:26:02
Cissy Midghall,Business Development,1974-05-17 14:40:44,2018-06-05 21:08:59
Katie McKniely,Product Management,1990-02-01 17:50:30,2018-07-13 08:53:21
Aldon Paulo,Support,1989-09-02 16:25:38,2018-01-16 19:20:23
Gabrila Mayhew,Accounting,1990-06-19 00:26:11,2018-05-09 16:58:30
Silvain Halls,Marketing,1995-04-15 09:08:24,2018-09-21 12:00:07
Jacklyn Ainsby,Accounting,1977-06-22 14:08:06,2018-02-17 17:42:55
Annis Stampe,Training,1995-02-19 00:21:55,2018-03-03 14:13:40
Shaughn Ludlom,Legal,2012-09-21 09:52:39,2018-04-09 12:44:35
Leone Male,Product Management,1985-12-15 17:09:23,2017-11-10 01:50:57
Nicholle Boutwell,Business Development,1973-08-15 20:17:50,2018-01-26 08:31:36
Theodora Frowing,Accounting,1982-07-24 23:56:18,2018-04-28 09:01:31
Gun Pickrill,Business Development,1990-03-31 15:02:16,2017-11-15 22:26:22
Elke Bidnall,Human Resources,1972-06-03 12:52:59,2018-01-27 08:24:15
Charin Muriel,Services,2003-02-01 01:54:09,2018-03-21 01:26:48
Geno Mingotti,Research and Development,2002-11-28 01:36:53,2017-12-04 04:52:50
Glenda Balffye,Business Development,1980-12-08 13:27:12,2018-03-24 07:55:11
Portie Caitlin,Marketing,1990-02-12 09:55:53,2018-01-03 01:28:55
Dorene Drinan,Sales,1993-11-05 07:54:55,2018-06-25 06:09:02
Baldwin Orleton,Engineering,1998-06-27 10:41:07,2018-01-26 20:38:51
Carma Josham,Accounting,1989-01-05 23:11:36,2018-03-09 01:58:45
Claudetta Aujouanet,Legal,2009-08-10 10:12:37,2017-11-30 06:53:06
Mei Hollier,Sales,1975-06-29 00:42:20,2018-06-20 20:17:38
Vally Frankiewicz,Services,1989-04-06 02:48:49,2018-02-23 16:49:04
Dorthy Tunmore,Human Resources,1987-12-10 08:03:45,2018-07-23 13:03:25
Courtnay Barock,Engineering,1979-08-09 15:30:00,2018-08-14 18:38:37
Tedd Pereira,Product Management,1976-03-13 21:20:01,2018-03-11 03:34:29
Odelle Lead,Training,1997-09-21 08:02:13,2018-05-15 06:46:17
Zara Baruch,Services,2000-11-28 09:24:06,2018-03-14 07:18:46
Michale Kinforth,Engineering,2008-06-22 21:55:55,2018-02-13 14:10:24
Fancie Fraczkiewicz,Legal,2015-06-10 20:57:14,2018-05-04 17:18:32
Emalee O'Fergus,Research and Development,2005-07-04 03:16:27,2017-10-12 06:19:32
Gregorius Geydon,Accounting,1991-02-01 16:45:44,2017-11-12 22:12:28
Natalina Groves,Support,2000-07-27 14:21:33,2018-02-21 14:50:07
Renata Etchell,Support,1995-11-01 00:17:55,2018-06-15 22:26:49
Javier Soanes,Marketing,2005-09-30 21:32:11,2018-04-30 10:06:01
Donelle McWhorter,Legal,1990-02-12 23:37:01,2018-06-03 23:45:29
Gamaliel Sarjant,Training,2011-03-15 16:36:50,2018-06-17 22:56:17
Tuckie Shemmans,Sales,1981-12-01 00:04:11,2018-06-30 07:51:51
Donica Skechley,Engineering,1972-06-10 14:11:26,2018-03-12 15:23:47
Bunni McAlpin,Support,2001-06-15 12:47:44,2018-04-19 06:24:18
Sharona Sutcliff,Product Management,1987-07-22 17:05:31,2017-10-09 11:42:13
Cazzie Purle,Research and Development,2004-02-25 23:24:36,2017-11-28 04:35:19
Vincenty Rolland,Product Management,1991-07-06 03:55:16,2018-05-19 13:50:18
Niles Gething,Research and Development,1980-06-14 07:47:00,2018-03-05 02:46:18
Loraine Franchi,Product Management,2002-05-10 06:26:09,2017-12-07 13:01:21
Pammi Verey,Services,2001-06-29 13:37:39,2017-10-14 01:12:04
Homerus Barfford,Legal,1971-06-25 16:19:40,2018-05-10 04:57:25
Salomi Skivington,Human Resources,2015-03-15 03:03:04,2017-10-24 13:53:43
Inglebert Roberson,Marketing,1995-04-29 17:52:23,2018-09-22 00:01:12
Harris Bradder,Human Resources,1970-04-22 12:46:02,2018-03-04 09:17:10
Lucas Bilsborrow,Training,1985-10-21 07:14:10,2017-10-26 09:14:10
Garland Gilluley,Support,2013-09-04 20:11:37,2018-03-02 18:57:02
Keir Waleworke,Product Management,1982-07-21 05:33:27,2018-07-05 04:35:46
Irma Veld,Marketing,2000-12-11 13:36:26,2018-03-11 21:27:57
Carly Huntly,Product Management,2008-01-21 15:21:30,2017-10-19 04:57:21
Andre Iglesia,Human Resources,2012-01-02 09:08:28,2018-08-30 04:37:58
Murial Salvadore,Marketing,1988-10-09 16:36:46,2017-11-09 19:29:54
Desdemona Wantling,Research and Development,2006-12-14 21:41:56,2018-07-12 06:20:46
Lacey Heater,Product Management,1999-05-11 06:27:37,2018-02-13 06:32:49
Panchito Halston,Product Management,1997-01-29 00:09:33,2018-08-10 18:33:27
Gallagher Hazeman,Business Development,1988-03-12 07:55:27,2018-02-18 18:02:54
Gloriana Cotterell,Human Resources,2004-03-20 18:04:37,2018-07-26 03:09:06
Sheppard Kiledal,Engineering,2005-02-16 23:13:24,2017-10-03 14:44:33
Alwin Doodson,Sales,1976-09-26 15:21:07,2017-10-15 14:52:36
Etty Morigan,Product Management,2001-06-09 10:03:56,2018-05-03 16:46:25
Efrem Berzins,Research and Development,1989-12-12 20:59:32,2018-07-08 16:17:07
Fraze De Atta,Business Development,2004-03-21 15:50:03,2018-07-11 12:34:46
Ginni Danslow,Support,2003-07-12 23:18:57,2018-07-28 15:25:28
Caralie Guinn,Research and Development,2004-09-21 07:26:21,2017-12-29 14:42:21
Brynne Bampfield,Sales,1997-01-03 03:58:06,2018-08-29 16:25:58
Borg Narup,Human Resources,1986-09-07 00:09:39,2017-10-10 12:44:25
Haywood Ducker,Support,2009-08-30 08:00:20,2018-09-21 02:55:48
Clarinda Keig,Legal,1980-02-05 15:29:19,2017-10-27 15:19:21
Berthe Brownett,Training,1974-05-12 12:11:52,2018-06-17 14:49:17
Pooh Lenox,Marketing,2013-05-15 04:03:08,2018-08-01 10:10:36
Juli Canete,Product Management,2016-01-13 18:50:41,2018-01-10 02:24:22
Debi Hynson,Sales,1986-08-12 17:33:36,2018-05-15 03:13:14
Natalya Sine,Training,2010-02-05 19:40:20,2018-07-27 05:16:15
Darb Heber,Training,2002-06-19 00:59:41,2018-05-05 07:47:20
Bat Alti,Support,2012-10-12 03:09:26,2017-12-23 03:18:22
Giffy Heatherington,Support,1997-04-14 00:43:22,2018-04-25 18:35:02
Link O'Fogerty,Product Management,1978-10-30 06:03:28,2018-07-28 02:51:27
Niel Ringwood,Business Development,2009-01-19 13:25:48,2018-06-14 20:52:48
Stephanie Hames,Research and Development,1980-02-05 10:22:45,2017-11-25 05:01:18
Barnett Foxhall,Product Management,1971-01-07 10:26:02,2018-07-02 10:00:08
Ham Townrow,Product Management,1976-06-25 16:28:50,2017-10-31 05:43:09
Melisa Andreichik,Human Resources,1991-06-13 13:18:40,2018-04-11 06:21:36
Lory O' Quirk,Engineering,1985-06-10 20:02:19,2018-06-06 01:07:17
Vere O'Hogertie,Business Development,2013-01-27 09:05:08,2018-01-07 12:30:22
Zerk Sisselot,Human Resources,2007-02-06 03:45:53,2018-09-09 18:31:33
Durward Fisbey,Legal,1993-09-26 07:55:29,2017-12-18 07:12:11
Lanita Quarry,Legal,2018-02-02 02:40:39,2018-04-24 10:09:01
Herb Bonifacio,Support,2015-08-25 16:52:29,2018-04-23 06:55:34
Allison Bexon,Human Resources,2018-04-09 00:54:11,2019-02-25 07:48:58 UTC
Kessia Domenichini,Engineering,1975-06-19 02:56:25,2018-03-13 09:36:18
Rose BoHlingolsen,Research and Development,2010-12-12 05:25:18,2017-10-24 09:01:15
Elspeth Woods,Services,1977-06-19 14:21:46,2018-07-23 12:43:43
Brina Grumley,Marketing,1979-04-30 06:35:13,2018-03-10 19:16:07
Hercules Harder,Services,1999-05-07 23:00:12,2018-06-12 10:59:01
Jewell Hamer,Services,1981-08-23 04:58:01,2017-11-03 17:02:57
Milly McCallum,Business Development,1970-01-10 00:00:38,2018-07-16 13:20:56
Amabel Christescu,Accounting,1984-09-19 01:57:41,2018-09-18 07:24:52
Vanny Brierton,Marketing,1973-08-05 12:58:18,2018-08-01 22:14:55
Vicki Hurdle,Accounting,2016-08-04 14:03:33,2018-01-19 10:20:05
Edmon Rosenbloom,Research and Development,1995-03-28 12:24:16,2018-07-09 11:22:57
Claudius Roskam,Accounting,2008-09-23 22:56:04,2018-04-24 22:23:41
Felix Rama,Legal,2001-07-10 03:20:04,2018-07-06 02:18:46
Shelba Skotcher,Product Management,2012-01-30 12:53:24,2018-04-18 22:28:53
Lyndel Hiland,Accounting,1987-11-29 06:13:27,2018-04-17 14:49:45
Cate Greenhouse,Product Management,1988-01-23 02:20:39,2018-07-27 10:53:45
Charleen Dibbe,Product Management,1996-04-04 06:38:47,2018-02-16 17:53:29
Jared Cummins,Sales,2003-07-09 06:00:52,2018-01-11 19:39:51
Heriberto Worvill,Human Resources,1980-08-29 23:46:02,2018-07-21 18:16:51
Son McKew,Accounting,2001-02-27 08:05:43,2018-08-02 00:30:52
Elliott Grzegorzewicz,Accounting,1994-05-18 00:47:42,2018-01-15 15:47:52
Eddie Fish,Product Management,1983-09-04 05:10:13,2018-07-09 22:42:15
Odelinda Donati,Support,2006-08-12 07:14:30,2018-06-20 21:56:32
Cullin Moreton,Accounting,1984-05-23 05:15:18,2018-04-23 00:42:35
Tandy Carnachen,Business Development,1988-12-26 21:40:27,2018-04-15 22:46:53
Starlin Bernhardt,Sales,1992-03-07 20:31:47,2018-02-16 00:12:51
Bonnee Tuminini,Research and Development,1996-10-25 04:44:34,2018-06-25 07:57:04
Kippy Polini,Human Resources,1982-10-14 07:38:40,2018-01-14 14:19:52
Clayborn Pococke,Product Management,1999-09-03 03:14:40,2018-08-19 08:57:37
Gilberta Broodes,Product Management,1973-04-06 01:51:08,2018-06-11 22:41:55
Marchelle Houndson,Support,1984-02-11 06:52:21,2017-10-31 12:23:27
Barr Rehor,Product Management,1973-03-25 00:29:59,2018-03-09 10:59:22
Redford Ricardin,Human Resources,1973-02-05 06:24:33,2018-09-04 13:54:35
Chan Atthow,Research and Development,2018-06-28 03:33:12,2028-04-24 08:40:55 UTC
Mamie Kobus,Sales,1999-05-11 21:05:39,2018-08-04 06:12:40
Celene Sinclaire,Sales,1993-09-13 13:31:58,2018-05-26 06:10:43
Mae Chartre,Training,1973-10-19 09:11:54,2018-02-18 11:54:09
Giulio Hulks,Marketing,2014-04-02 12:24:33,2018-06-09 07:05:28
Stephanus Dahlborg,Engineering,1997-05-11 15:58:33,2018-09-10 02:56:54
Wyn Walsh,Marketing,2005-04-13 21:57:22,2018-03-31 20:48:41
Grove Bugs,Support,1981-08-11 15:01:48,2018-08-17 02:43:04
Rolfe Klimas,Research and Development,2009-02-13 01:27:42,2018-03-21 16:31:48
Georgi Heggman,Training,1982-02-10 07:11:11,2017-10-28 08:41:32
Jere Mazzia,Legal,2002-03-26 01:21:20,2018-09-19 07:57:08
Madelle Wasiel,Marketing,1995-05-30 11:25:42,2017-11-14 00:49:07
Jocko Mangenot,Product Management,2001-07-27 18:41:32,2018-04-27 07:03:17
Rica Gallihaulk,Product Management,2009-10-28 10:01:47,2018-04-14 09:40:17
Ilise Kimbly,Accounting,1975-11-29 13:13:50,2018-01-23 16:57:28
Sofia Easseby,Marketing,1997-05-24 14:55:41,2017-11-11 22:41:11
Renelle Gleave,Human Resources,1979-07-25 16:21:41,2018-09-18 13:39:03
Charlton Grishmanov,Legal,1978-09-27 04:44:14,2018-07-10 12:14:17
Yolanda Squeers,Human Resources,1994-05-28 04:26:28,2018-02-08 22:20:32
Hewet Klessmann,Product Management,1999-06-05 03:30:51,2018-04-18 07:05:01
Scarface Cranny,Training,1980-02-14 15:38:07,2018-06-28 03:48:03
Ganny Briscow,Business Development,1988-07-18 12:27:16,2017-11-19 17:20:00
Lissy Clitheroe,Human Resources,1970-07-13 12:09:36,2018-08-08 23:38:55
Shepard Labon,Business Development,1974-09-21 22:54:53,2018-04-15 02:49:12
Frasquito Beville,Human Resources,2002-04-11 22:41:54,2018-08-31 11:12:33
Gilbert McCaskill,Training,1987-02-02 07:16:21,2018-02-10 03:32:41
Guenna Binestead,Support,1980-02-01 06:12:36,2018-09-02 08:36:12
Annabela Matts,Services,2006-03-28 21:53:33,2018-06-30 07:21:51
Shea Danhel,Engineering,2003-04-03 20:47:21,2017-11-29 11:14:50
Abdel Fydoe,Marketing,2005-09-12 11:38:28,2017-11-18 05:37:03
Odey Killiner,Training,1977-05-27 02:54:39,2018-08-02 18:20:28
Mame Brucker,Support,1995-01-30 04:51:47,2018-05-29 20:32:39
Flore Barneveld,Support,2013-05-14 10:55:28,2018-07-25 07:15:40
Rem Oganian,Product Management,1989-09-23 20:20:39,2018-05-06 02:12:21
Aili Moxted,Product Management,2009-03-30 11:40:43,2017-10-19 21:58:37
Allis Soggee,Human Resources,2017-07-10 08:51:25,2017-10-17 23:28:11
Godard Tomaselli,Human Resources,1984-05-19 10:02:28,2018-03-03 04:08:40
Nataniel Bucklee,Accounting,1978-09-14 13:00:06,2017-12-18 18:25:45
Asa Cammidge,Support,1970-07-25 09:02:09,2018-03-30 14:05:09
Peterus Knottley,Human Resources,2008-04-22 01:54:43,2018-06-19 03:48:16
Doralin Girt,Engineering,1994-01-17 16:12:40,2018-01-30 15:41:06
Vickie Jantel,Marketing,2012-07-09 12:21:23,2018-08-28 01:42:56
Farly Lloyd,Services,2014-03-27 14:27:17,2017-12-07 04:51:35
Avrom Tweedlie,Product Management,1999-07-29 20:47:37,2018-04-25 22:25:47
Marin Leal,Accounting,1972-06-15 05:43:41,2018-09-18 15:58:21
Cairistiona Steedman,Engineering,1970-12-06 18:57:59,2018-03-07 06:51:21
Lavena Rime,Human Resources,1999-09-23 22:38:46,2018-05-21 01:48:15
Obed Orr,Accounting,1981-11-08 02:03:01,2018-03-27 05:56:24
Meara Creighton,Legal,1991-03-01 11:11:10,2018-06-08 22:55:47
Honey Dyett,Human Resources,1982-05-29 14:51:01,2018-01-13 10:09:47
Cornie Bellino,Training,2001-08-13 17:52:23,2018-04-04 00:34:17
Tessi Alben,Marketing,1970-07-25 08:25:37,2018-06-06 02:02:05
Kate Gabbitis,Human Resources,1983-11-14 15:28:28,2018-06-13 11:10:00
Papagena Espine,Product Management,2007-04-13 13:48:47,2018-06-24 10:21:57
Filmer Cowap,Training,2004-07-19 07:46:31,2018-05-04 20:15:28
Cyrill Strute,Research and Development,1973-11-25 08:36:38,2017-10-23 07:44:17
Lynnette Kalkofen,Accounting,1997-05-09 03:30:30,2018-08-25 08:36:02
Baxie Balbeck,Research and Development,2012-11-07 09:27:57,2018-05-28 15:42:40
Moishe Carvill,Training,2012-05-29 14:42:40,2017-11-20 23:36:11
Nona Sends,Services,2005-04-29 06:35:05,2018-07-15 21:20:14
Gerick Whitty,Accounting,2012-03-19 17:01:02,2018-06-09 06:52:51
Cass Knipe,Human Resources,1999-08-21 20:40:43,2018-07-19 05:43:29
Jobye Ginsie,Marketing,1982-07-28 03:59:51,2018-05-06 05:47:35
Inigo Kenchington,Training,1972-03-04 01:34:05,2017-12-17 09:22:40
Fitz Pardi,Marketing,1988-11-27 18:35:11,2018-02-01 16:26:54
Scarface Blindmann,Product Management,1994-02-07 02:38:54,2018-03-13 12:39:44
Yankee Winning,Training,1995-10-20 12:05:50,2018-02-24 02:12:27
Jo-anne Whitloe,Human Resources,1977-09-22 10:38:01,2017-12-13 22:02:58
Nicola O'Shea,Accounting,1999-02-03 04:07:20,2018-05-27 20:41:50
Nolly Braam,Legal,1979-07-15 00:51:23,2017-10-19 09:03:32
Belva Lelande,Business Development,1971-07-21 12:47:51,2018-06-14 19:26:50
Darcey O'Suaird,Legal,1970-01-11 12:00:43,2018-02-03 00:57:18
Lorain Parrot,Support,1975-06-12 20:18:41,2017-12-28 02:12:53
Ahmed Van Der Weedenburg,Training,2015-11-13 06:45:05,2018-08-14 01:53:36
Tonye Dolder,Human Resources,1993-07-30 13:37:36,2017-10-30 05:43:16
Danila Fowell,Engineering,1995-04-24 00:19:11,2018-09-06 00:22:06
Tyrone Plampin,Research and Development,1996-07-25 11:00:00,2018-07-09 07:24:24
Adorne Karet,Accounting,2002-02-19 12:04:39,2018-06-09 21:55:41
Germana Hateley,Training,1996-05-28 13:27:31,2018-01-27 20:39:27
Rogerio Scallon,Product Management,1992-12-12 10:47:36,2018-03-16 21:42:18
Nigel Moxted,Research and Development,2004-09-10 02:29:13,2018-04-11 05:09:57
Percy Mart,Services,1984-02-25 10:14:04,2018-09-13 22:06:54
Michal Bitchener,Product Management,2016-07-24 21:42:11,2017-10-23 12:28:18
Cheri Walewski,Marketing,1986-05-07 11:56:54,2017-10-30 15:44:22
Tiler MacGow,Sales,2000-07-02 02:31:41,2017-12-20 22:52:08
Abdul Lenormand,Legal,2012-05-24 20:13:18,2018-05-20 17:04:21
Gina Pettisall,Sales,2000-01-14 08:53:26,2018-01-16 03:18:06
Saunders Grote,Research and Development,1990-03-31 05:24:34,2017-11-01 01:53:25
Roxana Smaling,Product Management,1999-01-25 01:30:06,2018-05-29 05:20:45
Allx Treversh,Accounting,2016-06-05 03:55:42,2018-07-12 17:08:16
Ax Le Marchand,Human Resources,1983-02-18 02:37:29,2018-02-17 03:21:29
Gusella Toleman,Product Management,1989-12-14 08:14:17,2018-01-05 15:06:44
Tomasine Illingsworth,Product Management,2014-06-01 10:49:17,2018-08-28 03:21:49
Micheal Riglar,Legal,1996-01-15 07:55:08,2018-04-14 20:35:00
Shay Gerrie,Support,1979-03-29 12:44:19,2017-12-07 05:36:38
Madge Hales,Research and Development,2015-08-15 03:01:24,2018-04-10 07:52:34
Juliana Cumpton,Accounting,1974-01-08 00:43:49,2018-02-12 00:10:10
Iosep Cotillard,Marketing,1981-01-16 07:55:56,2018-04-14 10:38:19
Packston Meddemmen,Human Resources,2012-08-26 10:40:26,2017-11-04 13:15:28
Olive Bosher,Services,2007-07-24 18:00:29,2017-10-24 18:50:58
Cornela Papachristophorou,Legal,2007-11-10 03:29:50,2018-06-14 16:08:43
Nikolaos Bow,Engineering,1984-03-19 06:45:39,2018-03-26 03:45:35
Jaimie Sturman,Business Development,1998-09-17 17:22:09,2018-04-22 10:10:59
Luelle Bycraft,Engineering,1990-05-29 08:44:48,2018-03-16 15:05:23
Cooper Byre,Support,2009-12-11 11:26:40,2018-03-06 17:35:29
Augustin Povele,Human Resources,2016-01-21 19:04:24,2017-10-30 08:56:30
Catlee De Laspee,Sales,2014-09-22 01:45:19,2018-09-12 17:19:18
Rafael Lennon,Marketing,2000-10-20 12:36:15,2017-11-16 14:43:01
Carla Heinl,Engineering,1984-12-18 12:15:40,2018-01-13 20:54:06
Ernestine Rojahn,Business Development,1971-10-31 17:18:12,2017-10-20 06:01:24
Mady Gosselin,Human Resources,1992-08-06 13:33:15,2018-07-02 13:23:34
Marni Hazelby,Engineering,1994-05-02 18:44:54,2018-04-07 12:14:17
Perry Brabban,Training,1986-09-21 12:02:55,2018-02-08 17:54:34
Wilie Caldes,Human Resources,2012-10-22 17:51:14,2018-06-11 23:58:15
Cathyleen Simmank,Services,2004-03-29 01:35:44,2018-02-14 12:54:04
Arleta Josskovitz,Product Management,2006-06-13 03:41:12,2017-11-04 04:17:26
Rose Brownsworth,Accounting,2017-03-17 14:53:34,2018-02-07 04:07:37
Sheree Durning,Sales,1992-07-10 07:28:33,2018-09-16 09:51:43
Gerrie Minney,Services,1991-09-06 00:07:14,2017-11-12 07:39:20
Adelheid Mustoo,Services,2005-01-15 16:05:29,2018-08-07 07:27:30
Chickie Drinkhill,Research and Development,1983-03-14 23:45:24,2018-06-15 05:31:46
Quinn Townsend,Product Management,2006-07-16 18:16:07,2017-10-29 18:06:23
Lynsey Glyde,Sales,1973-03-30 13:24:42,2018-05-10 11:24:34
Merv Double,Support,2004-01-13 20:32:35,2017-11-04 21:09:24
King O'Rodane,Marketing,1970-01-06 14:56:27,2017-10-28 17:53:35
Erina Gaitskill,Services,2012-04-08 02:35:16,2018-05-30 17:53:05
Benji Bourcq,Accounting,1979-04-05 02:32:56,2018-07-14 15:33:58
Nolie Treamayne,Human Resources,2005-10-29 08:14:31,2018-03-11 13:11:11
Merle Skirlin,Legal,2011-03-05 14:07:33,2018-02-16 22:55:29
Bonny Naughton,Accounting,1997-09-22 15:37:29,2017-12-13 13:08:19
Onida Stepney,Legal,2016-09-15 17:21:42,2017-11-14 16:14:11
Clerkclaude Kick,Engineering,2007-01-19 02:11:25,2018-08-24 01:10:05
Lizzie Brittle,Sales,2012-06-14 15:32:51,2018-08-04 12:46:52
Mignon Monger,Human Resources,1982-01-22 13:02:34,2018-08-29 19:46:13
Quillan Simonot,Support,2015-08-03 19:43:37,2017-10-24 16:13:48
Noak Schwier,Marketing,2007-05-11 18:24:31,2018-10-01 21:13:25
Lydia Cutts,Product Management,1990-04-04 03:41:11,2017-12-20 18:08:50
Ollie Caunter,Business Development,1983-10-25 14:51:09,2018-01-10 02:39:35
Wally Bruyett,Engineering,1998-03-03 02:21:04,2018-09-28 18:50:32
Amy Pagelsen,Training,2017-01-17 06:41:46,2017-12-24 16:20:18
Aarika Butson,Marketing,1982-09-01 08:39:32,2018-02-10 07:23:48
Gale Cathrae,Marketing,1972-11-26 09:44:48,2018-06-01 19:54:49
Cecile Feares,Support,2008-09-06 16:28:46,2017-11-09 16:32:46
Vivien Preddle,Accounting,1994-07-04 18:00:49,2018-02-15 23:57:34
Ty Parncutt,Support,1994-07-05 06:46:50,2018-02-08 09:00:37
Matty Manley,Research and Development,2012-03-31 05:20:42,2018-01-02 01:53:58
Hali Rushsorth,Sales,1970-10-15 22:46:32,2017-11-24 00:04:58
Sarina McLarnon,Support,2004-06-08 21:55:13,2018-07-26 01:59:21
Fawnia Hordell,Human Resources,1997-02-03 12:54:30,2018-06-30 15:35:36
Sayers Esom,Engineering,1994-12-14 17:17:52,2017-11-27 17:46:46
Diane-marie Crichton,Business Development,1994-09-22 06:57:32,2018-05-19 11:38:40
Gisele Ronnay,Product Management,1991-07-11 19:19:44,2018-03-22 02:24:45
Kim Gamlyn,Services,1997-01-19 14:41:17,2018-01-11 23:43:15
Marjory Millea,Research and Development,2008-03-10 16:30:29,2018-05-25 20:38:22
Vergil Staggs,Support,2004-01-11 00:46:55,2018-02-05 00:14:33
Donal Buzin,Services,1997-05-27 09:29:55,2018-09-21 01:33:58
Wynne Twelftree,Legal,1993-01-30 13:14:14,2018-05-24 18:09:22
Leonanie Livoir,Marketing,2008-01-02 17:55:59,2018-01-13 01:50:56
Daron Nutbeem,Services,1994-04-12 22:43:46,2018-03-23 14:20:26
Pia Critchlow,Sales,1975-12-24 08:36:15,2018-06-16 16:07:48
Ashli Sauvain,Support,2006-02-06 15:02:05,2018-06-06 07:00:38
Fianna Saggs,Support,1972-09-12 17:34:06,2018-07-11 23:29:22
Barbaraanne Harmond,Marketing,1992-07-29 11:09:36,2017-12-08 00:52:09
Nikkie Pepper,Human Resources,1996-03-04 15:41:11,2017-10-31 00:16:13
Kort Heustace,Research and Development,2002-11-26 18:02:26,2018-06-22 11:11:58
Dulcie Sextie,Human Resources,1975-01-12 22:32:10,2018-04-24 01:23:00
Alla Revitt,Legal,2009-04-06 06:58:00,2017-11-28 03:38:13
Nell Risdale,Human Resources,2005-10-03 06:20:05,2018-02-12 17:00:38
Marcie Nayshe,Human Resources,1984-02-21 02:23:57,2018-04-16 17:34:20
Arabela Sulley,Training,1983-03-05 13:49:37,2018-06-29 09:50:00
Ki Giacoppo,Marketing,1972-05-23 12:26:52,2017-10-10 09:12:10
Dasie Kopacek,Accounting,1976-12-27 10:27:32,2018-02-17 04:44:47
Alberik Dummigan,Support,1973-03-30 07:09:00,2018-03-31 17:57:27
Miquela Drable,Research and Development,2017-09-24 06:00:31,2018-06-20 07:48:55
Orlando Dubois,Product Management,1988-04-17 01:17:47,2017-11-04 01:16:09
Garvey Weedall,Product Management,2015-11-05 20:18:40,2018-04-28 12:09:46
Loy Tomankowski,Accounting,2012-06-05 13:00:18,2018-04-29 19:59:36
Neile Enrietto,Training,1980-09-29 04:48:03,2018-07-12 08:45:18
Syman Kilrow,Product Management,1999-02-26 19:26:18,2018-09-08 02:11:08
Mahmoud Glason,Training,1975-11-10 20:42:04,2017-12-16 15:09:43
Esmaria Wallett,Engineering,1999-01-01 18:42:24,2018-01-22 11:04:55
Nancey Franklen,Sales,1981-02-11 19:26:17,2018-05-24 19:50:51
Corby Durtnal,Product Management,2010-07-01 19:46:36,2017-11-03 15:25:39
Rab Orsman,Marketing,1977-01-29 00:22:02,2018-01-06 08:11:48
Lauren Barrim,Support,1986-12-11 16:01:09,2017-12-13 23:22:00
Kort Rawson,Accounting,2001-07-22 19:18:44,2018-08-13 20:03:07
Goddard Watling,Services,2001-12-28 05:55:11,2018-03-10 17:27:25
Roz McKeurton,Human Resources,2002-06-27 11:01:35,2018-03-15 02:28:25
Benjamin Covert,Business Development,1979-01-09 09:35:03,2018-06-20 13:17:30
Olivero McJury,Sales,1992-04-07 12:56:29,2018-04-11 07:41:52
Hynda Giacobilio,Research and Development,2008-04-18 04:46:13,2018-05-19 04:23:54
Joseph Firth,Business Development,1994-08-21 11:14:43,2018-06-24 12:09:30
Chadwick Linck,Human Resources,2013-01-15 02:44:12,2018-04-18 02:22:09
Jacky McCuffie,Support,1977-10-08 17:26:33,2017-12-29 04:30:58
Dierdre Shevlane,Services,2017-12-13 21:07:14,2018-09-06 05:57:36
Almira Foard,Business Development,2017-08-04 00:30:16,2018-05-10 17:28:20
Claire Paddock,Business Development,2004-09-28 10:48:31,2018-04-21 22:44:42
Griz Dexter,Training,1980-06-12 05:05:20,2018-08-31 18:29:23
Franky Lestrange,Accounting,1982-08-13 07:56:40,2018-09-05 15:04:11
Sutherland Birkett,Training,1986-03-10 12:26:55,2018-01-20 05:48:04
Perl Aisbett,Business Development,1975-07-06 04:04:15,2017-10-09 11:31:26
Cyrille Auty,Human Resources,1986-01-28 15:52:34,2017-11-07 13:52:53
Rudolfo Rudiger,Support,1981-10-14 17:13:06,2018-02-19 16:09:44
Arlen Southway,Services,1996-09-09 17:14:09,2018-03-23 16:23:23
Freida Giannassi,Human Resources,1970-03-05 00:10:50,2017-11-25 14:46:37
Ethelind Quinnette,Engineering,2005-11-08 04:26:25,2018-06-03 18:52:24
Martina Lowseley,Services,1995-05-09 18:43:12,2018-06-08 06:13:55
Lorena Emanuel,Human Resources,2016-09-08 19:22:50,2017-10-23 19:32:35
Yelena O' Quirk,Training,1972-03-08 13:34:33,2018-03-21 20:22:36
Arda Kubera,Services,1977-12-27 05:38:14,2018-09-26 13:46:12
Traver Wheatcroft,Engineering,1987-03-06 11:36:58,2018-03-01 19:12:44
Georgy Novakovic,Marketing,2017-06-09 00:47:31,2017-11-23 13:09:27
Holli Cultcheth,Services,2003-07-03 05:52:34,2018-09-06 08:04:54
Lynette Miquelet,Training,2014-10-16 20:21:02,2018-05-23 21:02:59
Trudy Carruthers,Training,2001-08-16 09:36:20,2018-04-28 15:01:46
Lesly Busfield,Training,1996-04-07 10:19:47,2017-12-03 16:20:59
Kath Wareham,Services,2013-03-25 08:43:47,2017-10-23 17:05:29
Cristionna Corzor,Training,2007-07-04 06:15:24,2018-04-19 21:04:19
Raddy Roeby,Support,2013-03-05 19:44:42,2018-01-25 04:43:41
Elke Cowoppe,Research and Development,1987-07-25 03:34:00,2018-07-15 08:18:30
Casandra Lawler,Marketing,1997-10-04 23:59:26,2018-03-22 19:31:10
Gale Quennell,Engineering,1975-07-16 02:05:41,2018-07-16 05:18:31
Jolie Vallentin,Human Resources,1996-08-06 02:55:36,2017-12-19 01:05:32
Anselma Jellett,Engineering,2015-01-07 01:34:56,2018-08-14 02:12:22
Jeromy Klugel,Human Resources,2011-08-15 04:54:13,2018-02-22 11:41:26
Josh Gaw,Services,2010-07-19 16:38:22,2018-02-10 23:52:29
Ruddy Gozard,Product Management,2008-06-04 06:31:00,2017-11-28 08:31:43
Charlton Garard,Business Development,2006-05-25 18:36:42,2017-12-20 15:20:23
Kate Sonnenschein,Sales,1995-06-21 13:25:55,2018-02-01 02:33:26
Jonah Tyres,Support,2014-12-17 04:57:36,2018-07-05 00:25:14
Virgie Royans,Product Management,1975-05-18 07:11:42,2018-08-09 17:50:08
Tobe Glaserman,Accounting,2011-12-25 03:50:34,2018-01-17 12:22:16
Florella Luchelli,Human Resources,1999-08-29 14:08:02,2018-03-13 00:15:20
Gisele Gian,Legal,1976-03-31 15:18:39,2017-12-31 17:35:20
Karina Hastings,Engineering,1993-02-08 11:47:02,2018-01-17 12:38:50
Elsbeth Rens,Support,1979-04-11 03:00:41,2018-03-15 08:14:25
Shela Methingam,Human Resources,1995-10-07 22:32:55,2018-04-10 11:54:11
Wolf Mccaull,Legal,2000-03-20 18:48:32,2018-08-08 04:33:28
Sax Segeswoeth,Marketing,1970-09-16 21:50:35,2017-12-16 08:57:20
Portie Soldner,Human Resources,1980-08-04 08:31:19,2018-01-02 12:14:53
Dominica Powney,Accounting,1989-10-15 18:42:49,2018-08-20 04:05:50
Ali Springham,Accounting,2008-06-20 23:22:23,2018-02-23 03:27:49
Morley Kinsella,Product Management,2012-09-05 22:57:01,2018-03-26 15:43:04
Fidelia Hukins,Sales,2005-09-02 21:49:18,2018-03-02 11:40:43
Barby Grunnell,Human Resources,2007-05-23 14:00:59,2018-04-15 11:03:40
Ettie Diche,Training,1991-03-05 04:46:11,2018-04-06 16:04:46
Adelaida Wybrow,Human Resources,1987-09-15 07:25:25,2018-03-11 07:50:07
Justus Gershom,Services,2002-11-11 04:26:12,2018-09-23 21:15:39
Gladi Maior,Research and Development,1976-11-22 12:27:52,2018-03-12 17:48:19
Ginelle Lascelles,Services,1991-01-18 07:05:54,2018-06-02 23:47:06
Korey Salmen,Accounting,1998-06-23 23:32:58,2018-09-19 18:00:19
Roxanna Krimmer,Sales,2013-01-08 00:18:17,2018-03-03 21:25:11
Kip Frizell,Legal,2000-03-04 15:22:42,2018-04-19 20:22:33
Clarance Coston,Legal,1975-10-21 12:26:58,2017-10-25 20:01:54
Helen-elizabeth Serraillier,Sales,1984-11-25 18:31:04,2018-06-27 02:36:15
Jennine Leach,Engineering,1996-08-29 20:59:15,2018-06-16 12:32:23
Jyoti Maria,Legal,1978-03-24 12:45:24,2017-11-01 02:36:27
Del Harmes,Accounting,2006-02-11 16:59:11,2017-12-27 03:42:56
Idell Dedden,Sales,1982-07-25 07:20:15,2018-09-03 22:48:26
Lacey Sey,Training,1976-10-29 09:17:02,2018-07-16 14:00:51
Chester Warman,Accounting,1979-09-04 15:48:35,2018-02-16 19:33:53
Alicia Handrik,Product Management,2010-04-27 04:43:00,2018-01-21 09:06:35
Sandy Bridgens,Research and Development,2009-05-22 07:24:29,2018-09-19 00:28:29
Klarika Rodson,Legal,1973-03-16 21:59:52,2018-07-21 21:01:23
Darcey Depport,Services,1975-04-01 10:38:28,2017-11-10 11:23:51
Aland Inman,Accounting,1970-11-14 15:07:54,2018-02-14 10:04:24
Thia Bondy,Marketing,1973-10-12 05:07:51,2018-07-08 14:11:21
Orsola Stables,Engineering,1976-11-17 11:41:10,2018-05-29 16:14:26
Minerva McHenry,Product Management,1972-12-29 19:30:47,2018-04-05 16:18:54
Townie Hallstone,Human Resources,1996-03-09 19:26:57,2018-06-04 10:04:54
Magdaia Gummoe,Research and Development,1971-11-10 09:57:34,2018-08-11 07:48:54
Sonnie Schenkel,Services,1980-06-14 16:49:21,2018-04-09 19:22:18
Itch Yuranovev,Services,1989-12-01 01:44:40,2018-03-17 13:29:04
Eveleen Laister,Product Management,1977-07-11 10:28:55,2017-10-09 08:29:17
Tanya Caldroni,Human Resources,1970-01-05 12:21:26,2017-11-02 14:06:13
Melany Branston,Support,1970-09-14 08:16:53,2017-12-07 17:56:08
Randolf Chatto,Human Resources,1995-04-18 07:32:10,2018-04-26 18:37:16
Ivan Ivanchikov,Legal,2016-06-27 08:15:27,2017-11-03 09:19:41
Markus Grendon,Marketing,2015-08-16 02:39:12,2018-04-06 06:52:37
Dyann Conring,Support,1970-01-26 23:45:33,2018-09-15 18:28:27
Mariam Kingswood,Research and Development,2016-07-09 13:51:21,2018-01-05 17:10:50
Hetty Ramard,Marketing,1994-11-03 07:54:39,2018-03-27 09:18:42
Putnem Hawken,Marketing,1994-09-30 17:51:49,2018-08-21 22:32:06
Shelli Ruf,Support,2011-11-30 11:18:01,2018-09-19 12:53:49
Tabbitha Eplate,Engineering,2002-06-22 03:23:27,2018-07-17 08:45:41
Cameron Eastope,Research and Development,1990-11-14 18:39:22,2017-12-02 14:13:26
Vivienne Rivitt,Marketing,2014-04-23 07:54:30,2018-09-07 22:58:42
Carmelia Ashlin,Legal,2005-06-09 00:57:05,2017-12-28 01:02:14
Ransom Batha,Business Development,2017-08-09 12:38:17,2018-09-22 19:26:15
Regen Bartosinski,Sales,1974-01-01 07:06:47,2018-07-31 00:44:52
Siward Jerger,Support,1978-05-07 08:35:21,2018-01-14 05:30:45
Marjie Kelcey,Support,1979-02-08 08:51:00,2018-03-29 07:40:16
Carmel Valder,Human Resources,2014-09-28 09:03:35,2018-03-04 18:19:31
Dew Cicchillo,Human Resources,1977-12-09 10:27:28,2018-09-15 09:47:16
Jacynth Guidera,Marketing,1973-07-21 23:11:45,2018-07-31 06:41:14
Constancy Taudevin,Services,2014-07-21 17:23:54,2017-11-02 08:26:35
Linn Gibbett,Training,2013-08-30 19:10:29,2017-11-28 00:13:57
Viviyan Nansom,Sales,2001-08-30 08:55:18,2017-11-08 09:27:29
Eal Malkinson,Support,2015-03-19 03:50:18,2017-11-24 09:10:43
Andriana Smewing,Business Development,2011-02-25 19:53:21,2018-08-31 13:35:53
Nonah Halstead,Services,1983-10-12 12:19:46,2018-02-17 23:46:04
Thaine Brettor,Accounting,1984-01-01 00:01:53,2018-02-21 15:19:27
Gunner Baudts,Services,1970-06-13 10:36:37,2018-05-26 01:30:51
Thomasina Goodhay,Marketing,1978-01-04 13:58:26,2018-05-17 17:16:42
Mitchel Fontel,Accounting,2002-01-30 05:26:17,2017-10-20 06:01:14
Ulysses Jouanot,Support,1999-01-08 03:50:02,2018-02-22 06:15:35
Alexi Roscow,Product Management,2010-07-24 19:45:29,2018-05-22 20:57:26
Gaile Eltone,Services,2015-05-10 18:28:42,2018-10-02 00:03:36
Mallissa Grier,Engineering,1999-03-28 11:55:58,2018-06-13 15:01:20
Dulcia Soltan,Accounting,1975-07-16 18:58:36,2017-10-25 14:35:07
Darya Fulk,Accounting,1981-12-14 04:40:19,2018-04-12 01:50:08
Kimble Larmour,Business Development,1977-05-12 10:14:36,2018-06-23 14:18:54
Ezequiel Lothean,Accounting,1987-11-14 10:16:51,2018-08-24 12:24:09
Haley Witherow,Support,2006-03-12 03:14:45,2018-07-05 08:10:46
Claire Fieldgate,Services,1984-03-04 01:54:04,2018-05-15 13:14:09
Sylas Aisman,Legal,1988-08-24 13:39:49,2018-07-20 21:27:31
Sibilla Hidderley,Legal,1987-12-09 15:16:47,2017-11-13 18:09:15
Flint Redwood,Marketing,1984-10-25 04:09:07,2017-10-19 05:14:43
Lombard Kerfoot,Legal,1986-11-30 22:36:56,2018-02-08 15:35:28
Camille Meaders,Human Resources,2011-04-22 04:56:35,2018-02-13 08:11:44
Ambrosio Axel,Research and Development,1980-06-07 03:26:11,2018-03-08 02:50:34
Hartwell Weddup,Engineering,2007-01-01 22:24:51,2018-04-15 03:54:57
Malva Garmans,Accounting,1985-01-23 06:44:55,2018-04-24 17:37:19
Prinz Pollicott,Sales,1986-05-22 08:09:43,2018-02-03 06:55:50
Roanne Pavis,Support,1987-12-07 10:15:57,2018-09-11 07:09:44
Daphna Avrahamov,Marketing,2012-08-31 00:34:48,2017-11-23 04:07:18
Carny Weathey,Accounting,1977-09-25 17:08:56,2017-10-17 20:35:20
Lea Hayhow,Sales,1982-10-03 20:23:41,2018-01-05 21:29:14
Nellie Emlen,Sales,1993-03-14 17:25:20,2018-04-28 23:55:14
Klaus Buckston,Accounting,2008-12-03 06:56:16,2018-04-16 14:21:19
Gertie Yoxen,Research and Development,2016-12-04 12:27:47,2018-02-15 02:29:35
Constantina Munnery,Training,1988-07-25 09:51:33,2018-04-13 16:06:54
Mag Hayesman,Sales,1976-08-11 22:14:32,2018-09-06 09:41:00
Horten Benjefield,Business Development,1999-07-17 19:11:49,2018-08-16 12:44:36
Fanya Hosburn,Services,2012-03-11 22:16:01,2018-03-17 05:32:16
Edgar Shilstone,Engineering,1998-10-03 10:17:50,2017-12-23 09:27:29
Lilia Branscomb,Services,1996-05-01 15:26:01,2018-06-20 20:42:06
Saxon Stempe,Research and Development,1981-02-19 15:36:23,2018-05-20 00:24:14
Alecia Challenor,Sales,2005-06-06 09:41:07,2018-07-02 18:40:53
Christen Dearman,Sales,2003-10-19 01:16:15,2018-03-22 16:03:54
Iseabal Korfmann,Services,2000-09-21 20:35:00,2018-03-14 17:52:05
Henry Pattini,Human Resources,2009-10-01 23:12:18,2017-10-23 22:40:52
Berky Seares,Training,1971-03-12 11:49:37,2017-12-18 10:16:03
Gary Yousef,Product Management,1978-09-09 12:03:02,2017-12-11 01:42:48
Alex Gale,Business Development,2010-06-15 16:06:52,2018-07-04 17:48:45
Patrica Paffett,Engineering,1997-06-04 15:53:49,2017-12-11 01:36:01
Roarke Droogan,Accounting,1997-08-20 01:52:43,2018-09-02 02:16:57
Rois Royan,Sales,1977-04-16 22:31:01,2018-09-26 07:57:23
Brinn Cammocke,Training,2006-08-17 05:23:53,2018-06-28 04:20:05
Robers Prendiville,Human Resources,1985-03-05 19:27:24,2018-09-24 14:08:45
Flossi Tripony,Services,1977-03-22 20:42:28,2017-10-16 03:56:44
Harland Gourlay,Marketing,2003-12-16 17:09:22,2017-12-04 23:51:38
Genia Cassell,Support,2001-04-13 13:42:52,2017-12-29 06:58:43
Courtnay Hydes,Product Management,1984-02-18 07:38:48,2018-04-25 04:07:26
Agretha Kleinmann,Accounting,2015-06-21 03:51:27,2018-02-27 06:25:27
Jayme Tollet,Product Management,1975-06-04 22:20:29,2018-03-08 04:21:41
Ilaire Pennrington,Sales,1995-02-12 12:28:25,2018-04-17 06:24:07
Casey Glenwright,Marketing,1996-01-03 05:36:53,2017-12-24 09:18:32
Levon Bowell,Support,2006-12-16 21:56:53,2018-01-13 03:34:25
Dalis Basil,Marketing,2014-04-13 01:06:08,2018-08-25 18:14:02
Nan Adamik,Training,2006-10-25 23:16:46,2017-10-21 19:49:38
Zarla Cabell,Support,2003-05-01 03:13:16,2018-07-11 05:44:48
Ashley Girk,Training,1984-03-05 10:45:17,2018-02-16 05:35:06
Bondon Kemster,Product Management,2008-01-14 08:54:37,2018-01-14 09:10:51
Lacey Semens,Engineering,1998-12-31 20:49:12,2017-10-12 19:13:46
Meriel Nickless,Product Management,1985-10-02 17:43:02,2018-09-17 23:34:32
Silvia Yorkston,Services,2007-11-15 12:40:43,2018-08-06 09:16:31
Teodoor Gemeau,Marketing,1988-08-13 12:45:12,2018-05-30 03:19:04
Felizio Koop,Marketing,1971-10-07 18:42:16,2018-05-10 12:27:25
Nelli Tedorenko,Marketing,2007-02-20 17:20:17,2017-12-01 09:04:37
Odelle Farrants,Accounting,1998-03-09 12:10:08,2018-06-07 07:02:01
Kienan Garment,Marketing,2012-11-15 03:39:05,2018-06-26 23:06:07
Tybi Bohlens,Services,2010-02-24 11:53:48,2018-07-28 02:12:11
Matthieu Laycock,Product Management,2012-07-22 13:41:39,2018-08-29 08:23:26
Cort Pauly,Services,1985-03-28 17:03:58,2018-03-22 13:56:50
Thadeus Kenealy,Engineering,2009-02-18 05:59:50,2018-03-18 03:46:40
Jo ann Darque,Human Resources,1994-10-13 06:29:55,2018-04-19 03:13:38
Lib Coulthard,Sales,1976-07-22 13:55:53,2018-08-11 08:32:17
Buddy Gregine,Product Management,1986-11-29 08:10:22,2018-06-06 09:15:05
Adolphe Burmaster,Human Resources,2009-01-03 22:07:45,2018-03-03 00:02:01
Carilyn Zecchinelli,Legal,1988-01-30 04:04:41,2018-01-19 00:55:54
Becca Sheldrake,Product Management,1980-04-24 14:02:22,2017-12-07 12:52:21
Hulda Pharaoh,Business Development,2015-12-20 01:19:51,2018-07-02 02:19:01
Alric Cheale,Services,1986-09-28 18:39:18,2018-08-29 03:22:03
Willis Ianno,Research and Development,1984-06-15 18:49:06,2017-12-25 17:42:38
Tobie Cottey,Training,1970-08-24 03:56:05,2018-02-20 11:29:10
Natasha Rushforth,Training,1970-11-23 17:53:24,2017-11-15 14:32:36
Nola Tille,Engineering,1987-11-07 14:48:53,2018-05-01 19:14:11
Leyla Almack,Marketing,1980-09-06 22:35:37,2018-10-02 00:20:15
Sawyere Woolager,Accounting,2015-05-15 18:37:29,2018-03-09 06:54:22
Erskine Velten,Training,2009-12-13 15:59:16,2017-11-04 19:02:53
Tait Santry,Human Resources,1971-09-24 18:44:23,2018-01-28 03:15:26
Lynn O'Lahy,Accounting,1989-07-09 11:28:58,2018-05-15 10:00:11
Rayshell Gatherer,Business Development,1992-02-18 23:50:01,2018-06-13 05:16:46
Elmer Salzen,Marketing,1975-02-14 11:26:48,2018-01-24 08:51:49
Anatollo Prickett,Accounting,1981-12-22 11:05:10,2018-06-28 15:13:22
Lari Danter,Human Resources,1989-03-02 18:53:06,2018-01-26 22:17:32
Cross Oddie,Research and Development,2013-10-16 04:00:11,2018-02-05 14:32:03
Hyacinth Pollins,Support,1971-04-26 07:32:53,2017-10-13 14:17:44
Kinna Batts,Product Management,2009-06-29 03:28:23,2017-11-16 05:17:54
Sanson Josephy,Training,1980-06-03 22:39:57,2018-03-05 00:57:10
Barbabas Hagart,Marketing,1974-09-19 02:57:24,2018-03-09 04:02:15
Teresina Purdy,Accounting,2014-01-13 16:55:16,2018-01-30 08:44:32
Clement Treanor,Services,1970-06-06 11:27:35,2018-04-18 23:56:32
Frants Rimmer,Marketing,2006-03-24 02:18:53,2018-07-20 03:48:48
Cassondra Ahrens,Product Management,2017-08-20 03:43:58,2018-01-03 17:31:26
Hildegarde Crabb,Research and Development,2000-03-21 21:37:58,2017-12-04 14:42:37
Schuyler Dash,Marketing,1991-11-04 12:32:23,2018-08-21 12:07:57
Levi Liepina,Human Resources,1994-07-30 16:46:28,2017-12-23 04:08:47
Ardelle Casterou,Human Resources,2000-07-18 20:46:10,2018-09-03 12:54:33
Bernadina Sidworth,Support,1978-04-21 15:56:45,2018-03-20 07:30:31
Christopher Stroobant,Support,1985-06-16 14:17:22,2018-06-04 17:13:53
Clarie Petley,Legal,1991-04-21 10:41:46,2018-04-01 16:36:01
Gill Munroe,Accounting,1978-09-02 07:42:24,2018-08-21 20:32:27
Yanaton Middle,Human Resources,1985-10-18 16:15:33,2017-10-22 13:20:40
Guillemette MacDonagh,Sales,2004-04-01 22:16:04,2017-12-14 04:06:48
Jemimah Tabbitt,Training,2017-12-26 18:06:27,2018-04-18 11:15:39
Jaclin Elderton,Research and Development,2017-03-13 23:44:10,2018-01-24 18:29:33
Gael Rickcord,Accounting,1984-10-28 20:53:38,2018-05-23 13:02:24
Lon Florey,Research and Development,2003-06-05 18:58:42,2018-05-17 17:30:27
Etienne Cano,Business Development,2002-06-12 17:19:28,2018-03-25 03:27:09
Whitaker Hildrew,Support,2013-01-22 13:22:57,2018-07-08 02:57:03
Modesta Syplus,Business Development,1977-09-16 14:00:16,2018-01-16 23:48:52
Kirstin Boddam,Support,1985-02-10 15:25:22,2018-08-17 06:37:08
Anjela Pheby,Legal,1973-07-03 01:17:05,2018-05-21 10:22:26
Annamaria Monshall,Engineering,1973-04-26 02:56:13,2017-10-18 13:54:20
Osborne Barkley,Sales,1981-04-26 05:19:48,2017-10-13 15:38:03
Clovis Ollerenshaw,Services,2003-11-18 11:15:20,2018-04-17 08:39:12
Holt Goretti,Business Development,1985-04-12 19:19:49,2018-02-14 09:24:20
Vince Sandwith,Research and Development,1983-11-29 00:46:13,2018-07-12 19:46:04
Dyann Cowdery,Human Resources,2001-03-08 21:19:39,2018-10-02 22:23:09
Addy Seabridge,Services,1999-03-27 09:38:21,2018-09-09 12:37:35
Annalee Lydon,Engineering,1971-01-12 08:11:16,2017-12-23 21:18:45
Dyane Mowles,Accounting,1995-04-28 10:26:46,2018-05-09 01:10:23
Gabriel McDonnell,Accounting,1991-06-23 10:54:26,2018-09-18 10:57:05
Jeremy Coulling,Product Management,2008-06-22 19:34:08,2018-08-20 16:31:48
Guinevere Deverille,Support,2009-03-16 10:49:40,2018-07-19 10:11:48
Hilarius Tivenan,Services,1983-05-08 16:59:14,2018-07-06 22:13:20
Nye Fargher,Research and Development,1986-01-18 10:40:40,2018-01-30 07:19:16
Cart Ghidelli,Human Resources,1983-09-16 14:32:20,2018-05-13 12:14:17
Fernande Bendare,Training,1999-07-20 16:56:39,2018-04-30 07:00:45
Natividad Thews,Services,2010-11-04 03:07:15,2018-07-05 15:47:36
Phillida Benedidick,Services,2010-05-28 19:32:28,2017-12-19 09:55:57
Shaun Shrive,Human Resources,2016-11-12 00:46:49,2018-02-11 07:31:35
Freddy Napolitano,Accounting,2003-10-30 18:35:35,2018-07-07 10:31:49
Wake Fleote,Accounting,2002-12-15 05:02:44,2018-06-05 10:21:43
Merissa Bang,Human Resources,1988-04-12 02:45:23,2018-09-17 09:17:56
Bertha Ferretti,Marketing,1991-04-09 00:16:07,2018-03-17 07:10:44
Everard Hauxley,Legal,2016-06-29 05:14:49,2017-12-15 08:40:50
Cortie Mapston,Marketing,1982-09-24 21:36:23,2017-10-22 00:43:37
Ardisj Warner,Support,1974-08-08 10:03:16,2017-12-28 00:36:06
Shel O' Neligan,Engineering,2007-04-26 04:08:55,2017-10-22 00:44:37
Anita O'Cooney,Marketing,1970-05-10 22:03:41,2018-01-07 08:41:51
Modesta Furtado,Support,1988-05-04 05:06:34,2017-12-30 03:55:07
Ainsley Woolsey,Marketing,2003-07-09 10:06:22,2018-05-29 09:43:43
Jarad Northcott,Accounting,1982-11-15 15:30:14,2018-04-05 19:07:53
Tate Veltman,Product Management,2006-10-01 21:17:22,2018-04-17 00:45:17
Celinda Renowden,Accounting,2009-10-27 22:28:27,2018-05-05 00:37:11
Bree Lapwood,Marketing,1986-03-06 21:38:04,2018-01-02 23:56:22
Rosabella Durston,Marketing,1997-03-20 12:31:06,2017-11-26 10:01:54
Henrik Green,Marketing,1973-01-15 04:05:51,2018-04-23 18:36:45
Cristiano Pales,Sales,2008-11-01 18:05:19,2018-08-06 00:30:08
Zorah Noell,Business Development,2007-01-04 09:51:16,2018-09-24 14:17:26
Tomaso Vince,Human Resources,2017-11-01 01:57:29,2018-01-24 02:56:26
Ara Gladdis,Support,1974-08-12 03:55:27,2018-09-29 23:42:37
Bartram Gaymar,Accounting,1995-12-02 21:36:18,2018-08-14 15:10:10
Collen Conen,Marketing,2010-10-08 03:54:47,2018-08-25 17:36:36
Jorie Redwin,Human Resources,1980-05-18 15:04:01,2018-09-08 04:21:34
Idaline Purrier,Training,1974-12-23 11:27:37,2018-04-28 01:30:00
Tymon Adne,Legal,1986-02-15 00:58:55,2018-09-16 07:05:05
Babette Kalf,Accounting,1987-01-19 06:00:35,2018-03-31 09:54:00
Bentlee Kacheler,Accounting,1995-10-23 05:29:00,2018-05-27 08:54:10
Darby Overell,Sales,1979-01-28 11:38:27,2018-08-29 12:05:41
Krystyna Coch,Training,1998-11-14 01:02:23,2018-04-07 00:55:05
Reyna Heiton,Support,1986-05-25 22:26:41,2018-07-04 06:23:21
Raleigh Brandsma,Training,1999-10-11 08:34:56,2018-09-12 01:29:39
Ingaborg Ziem,Engineering,1997-11-02 07:46:36,2018-05-15 00:58:16
Doro Wemes,Services,1990-06-29 11:31:31,2017-10-24 00:58:07
Hendrick Sadler,Engineering,2017-02-08 00:18:04,2018-01-21 07:28:45
Corney Febvre,Research and Development,1971-06-18 07:00:16,2018-07-18 10:13:12
Siouxie De Bruijne,Engineering,1999-10-27 11:04:45,2018-01-29 00:24:28
Dicky Shottin,Engineering,2018-05-10 05:55:50,2018-09-05 03:13:20
Alethea Venard,Accounting,2008-09-06 20:35:46,2018-01-24 04:45:42
Isobel Bunford,Product Management,1988-11-28 12:13:11,2018-01-18 20:39:12
Carline Petschel,Research and Development,1986-09-04 06:33:12,2017-11-23 15:34:31
Regina Raithby,Human Resources,1983-08-27 22:30:35,2018-03-02 10:43:35
Simone Balf,Engineering,1990-01-02 22:35:01,2018-09-07 02:37:23
Fayre Oki,Product Management,1976-06-11 18:25:25,2018-04-13 01:19:01
Zed Eronie,Sales,1997-07-15 08:14:57,2018-04-06 04:10:24
Ermanno Simonite,Engineering,2007-07-29 18:40:03,2018-09-28 03:02:39
Lars Boich,Business Development,2000-12-26 17:28:55,2017-10-09 04:55:46
Urban Neild,Human Resources,2012-01-17 11:09:46,2018-01-01 21:01:35
Rudyard Troppmann,Legal,2012-07-16 21:19:18,2017-11-01 11:24:37
Matthiew Bickell,Business Development,2002-04-02 13:10:36,2018-04-13 06:43:11
Karia Poytheras,Research and Development,1987-10-20 07:06:34,2018-06-11 17:53:35
Romeo Madden,Sales,1975-04-02 00:04:15,2018-03-20 04:37:46
Michaelina Osban,Services,1971-01-20 09:52:46,2018-09-11 13:53:52
Maggie Tommasuzzi,Legal,1990-04-24 15:09:54,2018-06-11 06:08:19
Else Dulwich,Services,1985-01-16 21:24:57,2018-09-13 14:04:10
Byron Schimonek,Services,1996-02-16 07:18:43,2018-05-13 08:51:49
Fowler Treasure,Legal,1992-04-08 00:56:20,2018-04-12 17:21:59
Lorain Le Port,Sales,2002-05-06 13:21:30,2018-04-09 11:12:12
Rusty Degoy,Support,1999-05-17 06:15:00,2017-10-09 12:47:53
Alyce Grewcock,Marketing,1997-01-16 09:17:46,2018-04-02 23:11:26
Hank Crickmer,Accounting,2012-10-14 03:03:47,2018-07-25 12:50:14
Bride Colquyte,Accounting,2002-04-16 15:00:56,2018-06-13 03:24:18
Enrichetta Whatford,Services,1987-10-28 02:38:16,2018-05-22 21:26:07
Ker Doudney,Engineering,2012-10-23 11:31:48,2018-10-02 17:51:37
Franky Santoro,Accounting,2003-07-28 12:08:39,2018-02-22 14:33:48
Findlay Parkisson,Business Development,1975-10-30 18:22:53,2018-02-22 06:56:19
Paten Pidgley,Human Resources,1991-12-13 04:41:51,2017-10-22 01:16:07
Gregor Finder,Human Resources,1995-09-15 18:41:59,2018-06-15 13:29:13
Saudra Rolse,Business Development,1976-06-22 14:18:22,2018-02-16 05:28:28
Margret Liggett,Marketing,2018-06-22 09:21:05,2018-07-14 14:10:52
Cathryn Titmuss,Training,2013-07-29 07:16:18,2018-05-13 10:06:28
Rhianna Metheringham,Engineering,1996-02-16 13:09:10,2017-11-20 02:24:04
Margeaux Chazerand,Engineering,1980-07-06 17:50:27,2018-02-19 16:43:08
Benita Permain,Marketing,1971-07-31 13:17:34,2018-03-03 14:08:29
Annabel Banaszczyk,Accounting,1984-03-25 07:12:40,2018-02-27 05:14:52
Harriott Barkley,Human Resources,1991-01-07 09:07:46,2017-10-22 23:51:36
Horst Streat,Sales,2010-03-23 23:47:53,2018-02-06 16:41:48
Timmy Greatbach,Sales,1978-05-04 16:27:38,2017-12-29 11:38:10
Sam Balloch,Legal,1979-10-09 17:45:04,2017-10-10 18:15:28
Osbourn Verring,Legal,1988-06-19 07:18:11,2018-05-23 07:22:12
Moria Dorken,Legal,1978-12-08 11:12:52,2018-03-02 06:21:11
Pavlov Stenning,Accounting,1977-01-04 00:34:07,2018-08-26 15:56:15
Izabel Collihole,Accounting,1995-09-04 21:05:13,2018-04-16 12:53:42
Alfred Spitaro,Accounting,1977-05-24 16:54:51,2018-09-13 16:11:08
Brendin Stickney,Services,1992-04-23 15:46:01,2018-08-15 10:01:33
Englebert Teas,Support,2008-10-13 00:08:17,2017-11-20 04:28:53
Dell Merring,Engineering,1978-05-11 04:09:46,2018-05-21 08:03:24
Bil Danielsen,Product Management,2017-01-15 14:09:17,2018-06-30 21:18:15
Maxy Bayles,Support,2013-01-08 07:14:11,2018-05-30 15:49:48
Kylen Hazelby,Engineering,2015-08-08 06:27:30,2018-01-16 16:27:50
Germayne Christopherson,Accounting,2011-01-05 22:11:57,2018-03-06 07:44:15
Henderson Bleasby,Legal,2003-07-18 02:01:01,2018-04-18 12:47:09
Bernardine Assel,Research and Development,2004-01-20 03:31:25,2018-05-29 16:41:44
Emmye Ianilli,Engineering,1979-01-22 23:11:57,2018-08-10 00:55:31
Reagan Croizier,Research and Development,2002-02-16 10:14:45,2017-12-21 02:38:41
Paulina Raigatt,Sales,2018-04-02 00:57:12,2042-04-23 14:52:45 UTC
Roshelle Maud,Services,1994-07-12 20:01:12,2017-11-13 09:08:37
Hadrian Rosenstock,Legal,1973-08-27 02:54:10,2018-05-22 14:55:10
Claire Rollins,Accounting,1980-08-27 09:42:30,2018-05-12 21:24:49
Sissie O'Heyne,Business Development,1995-06-08 07:15:28,2018-01-18 13:15:07
Earvin Pink,Sales,1990-02-07 00:36:14,2018-06-29 21:16:02
Jacky Laudham,Business Development,1980-09-26 11:14:35,2017-10-16 12:40:32
Mohandas Sallan,Sales,1980-01-30 23:56:40,2018-07-06 18:01:31
Sissie Looney,Engineering,1986-02-07 08:28:26,2018-03-11 04:25:45
Fonzie Girardey,Accounting,1971-02-12 01:41:03,2017-10-25 05:09:18
Francois Allanson,Sales,2002-12-29 11:51:53,2017-10-27 12:58:55
Mufinella Madgett,Research and Development,2002-01-22 00:54:38,2018-04-16 17:34:05
Mia Francombe,Sales,2008-10-10 16:38:29,2017-10-27 06:40:51
Evonne Stollsteiner,Legal,2016-03-09 08:17:30,2017-11-27 10:06:04
Joellyn Rewcassell,Research and Development,1989-06-26 02:25:06,2018-03-02 21:19:52
Victoria Wylie,Accounting,2003-08-27 04:30:53,2017-10-07 13:32:45
Ginelle Jays,Accounting,1999-08-10 01:26:57,2017-11-05 09:55:34
Allix Witton,Research and Development,2015-01-24 22:15:50,2018-06-24 07:37:07
Cayla Peto,Sales,2014-12-04 12:03:52,2018-09-22 07:00:30
Muriel Maroney,Training,1999-12-04 01:38:22,2018-08-06 11:36:02
Laird Pool,Support,1981-09-04 14:36:05,2017-11-08 00:21:50
Shelia Mabson,Marketing,1996-08-15 21:54:38,2018-09-16 07:13:55
Sheree Birkenhead,Product Management,1976-01-07 20:41:40,2018-07-17 05:26:18
Hilton Kornyshev,Sales,2011-11-11 15:26:10,2018-02-06 00:26:45
Jesselyn Slowley,Accounting,1996-11-25 19:03:26,2018-02-25 01:26:26
Dania Manston,Marketing,2002-07-06 07:57:38,2017-12-09 13:37:31
Hannie Mowsdill,Training,1985-11-30 13:46:19,2018-05-20 06:39:54
Mei Kubik,Marketing,2014-11-04 16:11:26,2017-10-21 05:08:55
