name,instance,valid_from,valid_to
Nicol Gillow,Engineering,2004-01-29,2010-03-21
Nicholas Di Gregorio,Research and Development,1974-05-11,1989-01-17
Lockwood Plevey,Legal,2000-12-29,2009-01-15 10:34:23 UTC
Bard Pastor,Accounting,2006-01-18,2008-05-07
Shannan Andrysiak,Legal,1970-05-01,2002-09-29
Hedvige Synder,Accounting,1988-07-14,2003-03-31 16:15:13 UTC
Mahalia Mazzilli,Research and Development,1984-11-13,2009-10-27
Saunder Barradell,Legal,2018-01-19,2018-12-31 00:42:03 UTC
Prudi Toppas,Research and Development,1992-11-24,2005-12-05 15:08:15 UTC
Conrade Matitiaho,Legal,1991-12-14,2010-07-25
Ericka Harmar,Human Resources,1991-01-19,2009-04-23 06:47:11 UTC
Gustave Placide,Legal,2000-02-05,2018-07-27
Roanna Aburrow,Product Management,1976-01-21,2010-07-22
Nevil Martijn,Support,2001-10-23,2015-02-05 21:17:12 UTC
Rayshell Dennehy,Engineering,1987-06-12,2018-04-08
Rozella Togher,Research and Development,1988-04-27,2002-12-30 17:59:22 UTC
Pearla Sichardt,Support,1993-10-22,2006-08-06
Terri Pinkerton,Support,1995-02-11,2010-09-20
Byron Vannikov,Marketing,1981-01-04,2007-08-18
Lona Rittmeier,Engineering,1976-08-04,1979-07-05 09:06:06 UTC
Amelina Lethlay,Marketing,1979-03-27,1985-11-19
Allegra Coy,Research and Development,2002-12-14,2011-10-29
Joya Rouby,Services,1995-10-09,1996-02-17 23:00:04 UTC
Quintilla Goalley,Human Resources,2003-09-03,2015-02-19 06:51:24 UTC
Morris Summerrell,Sales,1982-09-12,2005-10-14
Dieter Wrathmall,Support,1992-10-14,2003-11-08
Reece Face,Engineering,1974-01-27,2003-05-29
Gaylor Moorfield,Services,1997-04-05,2018-11-17 15:27:52 UTC
Patty Cereceres,Product Management,2001-03-22,2004-02-09 09:14:07 UTC
Lucas Ubsdall,Product Management,1994-02-13,1994-04-03
Ainslee Matejka,Legal,1983-07-31,1986-10-22
Javier Coogan,Engineering,2005-06-15,2012-05-15 11:32:34 UTC
Jinny Levee,Engineering,1992-09-27,1998-11-04 17:01:42 UTC
Bendix Madgin,Accounting,1986-05-09,2001-12-04
Chrystel Foreman,Product Management,1972-11-07,1990-07-07
Daloris Molineaux,Legal,1998-10-01,2015-01-08
Cecilius Ilymanov,Engineering,1970-01-26,1981-03-22
Hartwell Box,Legal,1986-02-14,1999-06-07
Frederique Ferronier,Support,1989-09-27,1994-11-24
Valeria Bergstram,Services,2018-01-24,2033-03-15 20:30:38 UTC
Garwood Tarbet,Accounting,1986-11-04,2013-09-28
Aharon Assender,Accounting,1996-07-31,1998-10-13
Cyrillus Cordner,Legal,2015-05-01,2019-08-27 20:29:09 UTC
Kelsi Edworthie,Product Management,1990-11-28,2017-07-09
Ker Bewshire,Business Development,2009-04-18,2035-03-13 05:36:03 UTC
Randell Pic,Product Management,2015-08-20,2024-10-12 22:40:55 UTC
Bryant Sears,Training,1992-09-12,1992-11-29 15:38:38 UTC
Thadeus Finlow,Marketing,1996-07-12,2007-07-31
Geri Gunter,Marketing,2003-07-08,2022-08-26 21:10:46 UTC
Tessi Counter,Accounting,1994-02-02,2004-02-25 15:43:05 UTC
Jessy Elstob,Accounting,1997-08-02,2005-02-15 06:17:20 UTC
Aloysia Darrigoe,Human Resources,1970-06-17,2007-05-07
Dalt Aitken,Support,2016-03-02,2056-11-28 04:38:08 UTC
Lou Ronan,Support,1977-05-01,2006-08-26
Rudolfo Ephgrave,Training,1970-10-21,1972-06-11
Ashla Darton,Engineering,2006-07-14,2038-11-17 22:33:07 UTC
Vivianne Brunstan,Sales,1976-02-06,2006-10-16
Dyan Doog,Product Management,1986-05-08,1986-09-27
Karlen Aughton,Sales,1982-05-23,2000-08-29
Betta Davidovicz,Human Resources,2007-12-16,2009-07-07
Tracy Georgeon,Sales,2000-11-04,2016-01-31 06:57:48 UTC
Tomasine Yankeev,Marketing,1985-08-22,1991-07-26
Norrie Arstall,Marketing,2008-03-05,2016-04-30
Emlyn Rameau,Accounting,1988-10-24,2002-03-03
Domenico Lamcken,Accounting,2005-09-19,2018-09-05 01:30:55 UTC
Clive Danser,Human Resources,1990-01-09,1994-09-15 16:51:50 UTC
Deane Hinckesman,Training,1991-01-23,2002-05-02 01:16:47 UTC
Wilden Drinkel,Research and Development,2013-08-09,2039-09-29 18:52:24 UTC
Wilbert Jiri,Accounting,2013-07-04,2043-08-31 07:50:12 UTC
Robyn Cuskery,Research and Development,2010-03-04,2039-12-16 20:46:09 UTC
Sly Ellinor,Legal,1991-12-20,1993-10-28 20:54:52 UTC
Steffie Folder,Training,1973-11-09,1977-07-22 16:09:56 UTC
Washington Rasher,Research and Development,2003-05-27,2022-03-21 00:19:12 UTC
Ruthann Trewin,Research and Development,1992-10-23,1998-03-22 18:57:14 UTC
Barb Nowlan,Support,2001-05-24,2013-01-23 05:31:40 UTC
Udell Gavey,Human Resources,1994-10-24,2010-03-25
Penn Lassells,Business Development,2010-10-02,2029-05-23 20:33:14 UTC
Karlotte Benduhn,Legal,1976-09-12,2011-01-26
Fara Ridgwell,Engineering,1996-03-07,2006-03-29 00:23:18 UTC
Waylen Daniel,Services,1971-03-19,1986-11-04
Graham Stoad,Training,2016-01-03,2050-08-31 16:43:26 UTC
Becka Matthews,Support,2008-12-24,2043-01-23 16:44:34 UTC
North O'Mohun,Accounting,2014-01-28,2054-11-30 11:39:20 UTC
Zebulon Salzberg,Human Resources,2014-02-12,2032-12-10 14:52:50 UTC
Samuele Vondruska,Product Management,1986-08-24,2014-12-26
Orsola Higginbottam,Legal,1991-06-05,1997-04-11 18:53:36 UTC
Briana Lagne,Product Management,2000-08-29,2003-08-13 23:05:57 UTC
Dorolice Just,Support,1974-09-17,1978-09-12
Milissent Noods,Research and Development,1986-03-13,1987-01-21
Eliza Capponer,Human Resources,2002-03-02,2005-09-11 05:50:29 UTC
Ramsey D'Hooghe,Training,1983-07-18,2008-11-20
Elbertina Eaklee,Research and Development,2002-04-25,2011-12-21
Evangelina Ionnidis,Product Management,2004-12-05,2009-05-02 21:22:24 UTC
Hedvig Whittam,Business Development,2010-04-02,2017-07-18 22:27:31 UTC
Tessi Kiffin,Engineering,2010-05-25,2043-12-17 15:01:19 UTC
Addi Phythien,Services,1984-01-02,1988-08-30 21:57:21 UTC
Adriaens Frapwell,Training,2010-06-15,2041-07-04 23:49:46 UTC
Carlyn Pirot,Services,1972-08-02,1997-05-22
Davida Cousins,Services,2005-04-05,2012-06-28 22:19:37 UTC
Rafferty Guisot,Research and Development,1983-12-19,2002-05-23
Morna Slyde,Training,1979-02-19,1987-08-26 22:38:03 UTC
Garwin Phethean,Business Development,2001-01-22,2014-07-11
Matthiew Gillaspy,Training,1973-07-16,2000-03-15
Crin Milborn,Services,1988-07-20,2011-04-03
Cahra Pearton,Human Resources,1990-07-08,1998-11-28 19:26:36 UTC
Carolus Dimelow,Research and Development,1971-06-23,2002-03-20
Sergei Jennrich,Sales,1993-06-13,2004-10-24
Dewie Heibel,Human Resources,2004-08-03,2017-07-15
Agnella Warton,Training,2016-01-30,2030-05-25 14:40:46 UTC
Cherin Granleese,Product Management,2001-07-22,2015-06-08 18:20:02 UTC
Timofei Spataro,Accounting,1986-07-30,1989-12-14
Ninon Balmann,Training,1997-05-12,2013-09-09
Faydra Nockles,Engineering,1976-07-19,2001-12-05
Barbara-anne Haselup,Training,1985-11-12,2002-03-07
Dolf Douce,Product Management,1979-11-11,1981-06-05
Lenci Lavall,Business Development,1980-05-07,1981-02-04 06:51:18 UTC
Auberon Willets,Research and Development,1990-09-17,2014-09-15
Westbrook Cudby,Sales,1983-11-20,2012-09-07
Talyah Dowderswell,Product Management,2012-08-30,2041-04-07 17:24:08 UTC
Nollie Peltz,Services,1987-04-08,1996-06-19 05:49:51 UTC
Addi Petrushka,Legal,1989-07-13,2011-10-07
Hyacinthe Balcon,Human Resources,1996-05-24,2003-09-18 13:47:35 UTC
Ally Verbrugghen,Services,1993-12-19,2003-07-05
Burg Elcoat,Product Management,2006-03-12,2030-12-23 06:07:51 UTC
Claudina Lansley,Support,1985-06-15,2011-06-21
Cliff Baniard,Product Management,2015-02-10,2023-02-15 06:37:36 UTC
Sanders Woloschinski,Legal,1986-03-19,2012-07-27
Griffin Cusiter,Product Management,1990-09-07,2005-09-20 01:37:50 UTC
Gasper McParlin,Product Management,2011-11-06,2038-09-25 18:55:44 UTC
Paulo Mougeot,Training,1983-07-16,1997-03-06
Benoite Bernini,Services,2014-08-02,2054-07-23 07:21:34 UTC
Shandie Woodsford,Marketing,1995-03-06,2018-02-24
Bradly Craske,Business Development,2007-01-16,2023-03-07 04:21:39 UTC
Hilliary Garrat,Engineering,1996-03-29,2000-11-03
Guinevere Beazleigh,Accounting,2011-12-28,2034-12-02 01:20:18 UTC
Marvin Burchnall,Product Management,2002-03-29,2012-01-21
Travus Yair,Research and Development,1977-07-03,1980-07-01
Hamil Hellsdon,Human Resources,1984-07-11,1989-09-23
Joanne Hensmans,Training,1970-10-13,1982-04-20
Cherianne Houchen,Support,2003-03-06,2012-10-29 07:29:13 UTC
Shaine Mouncey,Support,1996-10-21,1998-09-29
Cathrin Redsall,Research and Development,2008-08-26,2026-10-24 15:17:22 UTC
Kristal Crew,Support,2003-05-13,2004-10-28
Ajay Bernardy,Legal,1970-03-31,2012-03-30
Shay Elleton,Research and Development,1982-02-20,2012-05-06
Sophia Jurczak,Engineering,1979-10-01,2014-04-25
Ginelle Shinfield,Product Management,1999-08-22,2018-06-19
Stavros Shervington,Sales,1987-10-07,2014-03-03
Donalt Kleewein,Engineering,1972-08-26,1978-11-09
Dugald Darlington,Training,1977-01-07,1978-04-18
Mathe Hails,Sales,1988-07-25,2000-05-01 14:37:34 UTC
Elwyn Mountstephen,Sales,2002-02-26,2012-03-04 09:51:36 UTC
Cyrille Bowller,Engineering,1995-10-09,2001-11-15
Lita Faucett,Support,1993-06-09,2015-09-15 08:48:21 UTC
Vanda Wybron,Legal,1998-10-14,2007-02-11 09:33:16 UTC
Prisca Waddilove,Sales,1981-03-29,2003-11-04
Quintana Mulqueen,Services,2007-06-13,2007-07-11
Foss Lambert-Ciorwyn,Legal,1978-02-28,1983-11-30 05:57:29 UTC
Tommie O' Quirk,Engineering,1991-05-21,1994-10-26 10:36:37 UTC
Marabel Laskey,Research and Development,2004-03-23,2008-04-28
Sorcha Clemmey,Marketing,1985-10-08,1985-12-03 21:22:12 UTC
Shaun McEntagart,Sales,1996-08-21,2008-10-31
Lukas Gaspero,Services,2001-09-16,2007-11-04 00:49:17 UTC
Dennie Trowsdall,Business Development,1998-07-03,2014-09-22
Allie Duligall,Human Resources,2018-02-20,2058-09-27 13:08:31 UTC
Morey Markwelley,Research and Development,1986-10-18,1996-08-27 13:12:10 UTC
Jone Dedrick,Accounting,2015-11-19,2039-02-09 23:33:10 UTC
Audrey Tebbut,Human Resources,1988-04-05,1990-06-11 12:24:03 UTC
Tallie Grain,Sales,2012-09-02,2053-12-16 04:21:43 UTC
Lukas Rosenbaum,Training,1991-06-09,1992-06-16
Putnam Wathen,Human Resources,1979-07-02,2007-04-28
Ado Groucutt,Product Management,1994-10-29,2014-10-31 18:55:23 UTC
Eleen Gartside,Marketing,1975-04-01,2003-12-03
Holly Lezemere,Sales,1995-12-09,2018-04-14 15:56:17 UTC
Dacie Harborow,Engineering,1994-08-04,2010-12-21 04:02:36 UTC
Charlot McCrystal,Sales,1994-03-29,2005-09-02
Nikolaus Plesing,Accounting,2005-11-26,2025-01-24 20:37:18 UTC
Cordy Huggins,Accounting,1975-10-11,1977-10-12
Sacha Roberson,Business Development,1991-02-10,2011-12-25 16:10:36 UTC
Rosanna Orrett,Human Resources,2015-04-14,2016-03-06
Yule Winchcum,Product Management,2010-03-07,2014-12-20 03:52:30 UTC
Natale Lie,Research and Development,2007-01-25,2031-05-03 00:03:10 UTC
Nikolai Caffin,Support,1986-07-18,1993-07-27 12:00:35 UTC
Raul Targetter,Research and Development,2004-03-16,2004-12-26
Marita Quogan,Human Resources,1977-12-05,1995-10-25
Lynn Colthurst,Support,1978-03-29,2010-11-08
Noel Teese,Sales,1979-01-28,1983-06-01
Sutton Gimenez,Legal,2017-10-06,2025-09-20 06:11:52 UTC
Romeo Lindwasser,Research and Development,1995-01-03,2012-05-19
Sibyl Karchowski,Legal,1975-05-13,2002-06-01
Coriss Coultass,Support,2015-01-30,2053-03-29 07:33:30 UTC
Dorella Dawidowitsch,Services,2015-11-07,2017-08-19
Tish O'Daly,Legal,1989-04-09,1995-02-28
Chad Sill,Sales,1975-08-25,2003-08-01
Eddy Borsi,Support,2006-11-25,2021-05-19 06:30:52 UTC
Pooh Bartos,Services,2000-10-28,2003-01-20 20:20:13 UTC
Aldus Dohms,Human Resources,2010-12-19,2017-10-09 08:08:10 UTC
Wye Golde,Product Management,1987-02-26,1998-09-08 09:39:00 UTC
Aviva Marginson,Legal,1986-03-12,1998-09-13 22:06:51 UTC
Emmalee Lambis,Human Resources,2010-11-01,2033-12-24 00:38:12 UTC
Benny Nicklinson,Human Resources,1996-04-09,2003-05-29 18:53:35 UTC
Naoma Butland,Services,1999-07-29,2014-04-04 07:11:30 UTC
Joete Warton,Engineering,1988-09-18,1996-12-22
Donnamarie Crum,Sales,1981-04-23,2014-08-28
Olivia L'argent,Business Development,1974-08-15,2003-10-18
Debbi Delete,Marketing,2006-01-21,2021-11-06 03:00:54 UTC
Aubert Vannar,Legal,1972-06-24,2000-07-19
Anthea McAdam,Engineering,1979-04-03,1980-02-05
Galvan Pilbury,Support,1977-10-03,1978-05-01
Liesa Rickaert,Training,1982-11-04,1990-09-02
Colby Stanman,Legal,1971-07-29,2002-09-03
Carney Clampett,Business Development,1993-09-08,1996-04-19 20:06:24 UTC
Elnore Goldwater,Sales,1990-03-07,2003-09-12
Noemi Poulett,Marketing,1990-06-11,2010-05-20 06:27:59 UTC
Ursola Breton,Business Development,1991-01-28,2013-06-28
Lynnet Akitt,Accounting,2003-05-31,2013-03-31
Alane Arrell,Human Resources,2007-02-17,2033-11-24 17:07:18 UTC
Cathleen Goulding,Training,1971-06-25,2017-06-23
Alexandre Kinvan,Support,2016-10-21,2023-11-03 01:30:53 UTC
Melisa McLleese,Support,1996-04-18,2017-06-26 16:49:28 UTC
Dory Clears,Sales,2008-07-21,2021-02-25 16:08:08 UTC
Arlyne Ewells,Accounting,2010-01-19,2023-12-10 05:48:47 UTC
Pall Isaksen,Legal,1978-03-04,1989-06-06
Eran Riply,Product Management,2003-12-23,2007-02-10 05:28:56 UTC
Faulkner Parades,Training,1973-04-26,1998-02-05
Stafford Brasseur,Marketing,1987-05-20,1987-06-23 09:13:18 UTC
Hilliard Whitsey,Legal,1973-08-15,1989-04-15
Ophelie Kinchin,Marketing,1975-08-23,2000-08-19
Vanessa Frisch,Services,2001-07-12,2029-09-20 07:57:50 UTC
Viv Keri,Business Development,1988-10-11,2007-04-13 06:42:39 UTC
Emylee O'Giany,Human Resources,2003-03-28,2016-07-24 22:54:57 UTC
Thomasin Manolov,Business Development,2017-07-25,2031-05-05 12:17:23 UTC
Ware Nealand,Support,1986-12-14,1998-04-19
Ivan Gennrich,Human Resources,2005-09-13,2009-08-17 23:13:05 UTC
Adelaida Escudier,Legal,1986-06-04,1988-07-05
Rolando Wallworke,Sales,1988-11-04,1997-04-23 07:27:22 UTC
Fredek Dacres,Engineering,2012-10-19,2041-02-27 03:45:55 UTC
Gretal Bidewell,Engineering,1991-05-09,2005-06-30
Rancell Pattrick,Marketing,1971-03-02,1978-01-04
Malva Bausmann,Legal,1996-10-29,2016-08-31
Dulcy Bartzen,Services,2008-01-25,2023-06-02 22:51:49 UTC
Leoine Castrillo,Product Management,2017-12-08,2059-05-06 10:06:01 UTC
Umberto Wateridge,Legal,1988-08-25,1999-01-09 14:40:00 UTC
Salaidh Rollitt,Marketing,1998-06-07,2013-01-25 16:12:15 UTC
Kiri Spradbrow,Legal,1998-04-26,2011-10-31
Zeb Allcock,Product Management,1983-07-31,1987-02-27
Eward Venney,Business Development,1991-06-01,2016-09-09
Sue Ludgrove,Business Development,2008-06-05,2029-09-15 03:18:19 UTC
Dyna Cocke,Human Resources,1986-12-30,2011-05-05
Franny Biggerdike,Training,2009-03-14,2034-09-20 00:27:36 UTC
Pat Truelock,Support,1994-06-03,2009-12-21
Elliott Skipton,Sales,1975-06-06,2016-09-13
Jamie Bignal,Legal,2001-11-24,2030-02-23 13:34:09 UTC
Hermon Girauld,Training,1992-07-18,1997-03-19
Aprilette Blasio,Marketing,2008-01-06,2037-06-22 17:49:20 UTC
Marleen Rowcastle,Training,2009-10-09,2014-03-13
Rusty Siley,Business Development,1971-12-30,1978-09-09
Edsel MacGraith,Product Management,2001-11-01,2010-04-16
Gretchen Womack,Training,1978-12-27,2003-08-04
Eugene Warren,Business Development,1989-02-10,1997-11-12
Stern Gooderson,Marketing,1983-06-28,1994-11-10 14:00:18 UTC
Quintilla Bower,Sales,2016-11-23,2061-03-13 21:56:10 UTC
Phyllys Heiden,Product Management,2014-06-25,2017-12-08
Ursala Skaif,Sales,2010-06-13,2036-12-06 17:37:33 UTC
Sky Bertrand,Product Management,2015-08-03,2038-05-27 06:44:56 UTC
Corrianne Pincked,Services,1992-01-12,2011-12-20 00:25:14 UTC
Mitchell Cudd,Accounting,1993-08-07,2012-11-14
Gifford Poxson,Human Resources,2017-10-06,2042-02-27 16:28:29 UTC
Mufi Wallbank,Services,1985-05-27,1998-05-08
Prinz Kearford,Research and Development,2016-05-25,2051-05-02 10:21:26 UTC
Barbabas Trahearn,Engineering,1995-09-28,2004-07-31 19:02:06 UTC
Adiana de Grey,Services,1986-06-12,2002-08-24 12:19:28 UTC
Moina Clemow,Human Resources,1988-08-06,2003-11-02
Olivie Dockrell,Support,1976-12-17,1980-01-16
Bertha Mews,Training,1975-12-07,1993-04-09
Schuyler Melton,Research and Development,1982-05-21,2005-02-22
Geno Rosengren,Services,1988-09-06,2011-02-21
Ainslie Aleksahkin,Accounting,2010-01-05,2015-10-07
Roma Norquay,Accounting,2009-04-22,2011-05-04
Tessa Gresham,Sales,1995-12-23,2001-02-25 09:42:03 UTC
Sonni Stidston,Human Resources,1986-05-26,2017-11-22
Joyan Celiz,Services,1988-12-29,1991-10-06 00:38:35 UTC
Allx Pegden,Marketing,1970-07-31,1987-12-31
Anna-diana Tipens,Business Development,2004-10-22,2038-09-01 11:46:47 UTC
Daphna Foddy,Accounting,2006-09-01,2016-01-19 10:40:52 UTC
Beauregard Mayes,Training,1994-03-20,2015-10-28 01:21:56 UTC
Shannen Tothacot,Sales,1996-03-06,2012-07-21
Marylin Parmenter,Accounting,1975-02-25,2016-06-09
Barbra O'Collopy,Sales,1974-08-02,1976-02-18
Tan Mingus,Accounting,2012-01-02,2019-12-16 14:07:08 UTC
Joseito Dmitrovic,Legal,1985-02-13,2004-08-28
Tobe Sharply,Sales,1988-02-06,2003-08-01
Betsey Stodart,Research and Development,2016-10-31,2034-09-02 04:49:43 UTC
Anette Crouse,Product Management,1983-11-30,2011-07-20
Fifi Prenty,Human Resources,2017-02-01,2063-02-18 22:20:25 UTC
Syd Tennick,Engineering,2016-03-08,2016-04-21 18:40:42 UTC
Ali Squibe,Services,2013-09-06,2026-06-13 11:05:54 UTC
Kellsie Dansken,Product Management,1979-02-15,2016-10-10
Shani Robke,Human Resources,2007-08-24,2014-03-26
Harvey Meigh,Legal,1990-02-09,2001-07-20 05:07:17 UTC
Currey Wafer,Business Development,1983-12-20,1984-09-07
Ricoriki Ferrini,Support,1988-09-12,1997-03-15
Corabelle Lawrinson,Human Resources,1970-12-30,1985-08-19
Lauree Brozsset,Marketing,1984-12-15,1987-07-21 22:51:34 UTC
Katherine Qualtro,Legal,2016-09-14,2059-03-29 21:39:52 UTC
Fredrick Brantzen,Business Development,2008-11-20,2044-08-25 08:12:25 UTC
Ingeberg Orrow,Human Resources,2003-03-14,2004-01-14 12:02:20 UTC
Charmian Hudspith,Engineering,2002-06-25,2023-10-09 11:13:12 UTC
Andreana Long,Marketing,2003-06-22,2028-11-09 09:21:02 UTC
Karlik Fadian,Support,1973-11-11,2010-11-20
Kenny Van Zon,Sales,2010-03-17,2044-12-25 06:34:07 UTC
Mirabella Clemenzi,Engineering,2007-10-28,2024-10-19 00:37:58 UTC
Laurie Baptist,Marketing,1992-08-07,2008-07-29
Vittorio Gething,Human Resources,2005-06-03,2018-06-22 11:28:00 UTC
Phyllys Patriche,Human Resources,1974-06-14,1998-11-05
Deeanne Conklin,Engineering,2009-01-04,2013-04-04
Dillon Houlton,Sales,1982-04-14,2017-04-14
Boyce Richard,Legal,1998-12-16,2003-12-21 22:21:40 UTC
Jecho Ottee,Research and Development,2005-06-10,2015-02-28
Miner Rosser,Sales,2014-12-12,2054-02-01 01:31:01 UTC
Thayne Braksper,Product Management,1997-12-18,1999-04-16
Rutledge Hallowell,Business Development,1983-08-27,1984-10-04
Queenie Still,Sales,2012-04-16,2053-07-02 08:29:07 UTC
Margo Stappard,Services,1988-04-25,2004-06-08
Ewart Fairhead,Support,1993-09-04,2007-11-04 13:40:31 UTC
Jarib Woodruffe,Research and Development,2007-04-15,2014-12-08
Kari Doohan,Accounting,1989-10-01,2016-09-05
Waite Jeffreys,Business Development,1984-08-12,1989-12-25
Shaina Gabby,Accounting,1985-11-27,1995-06-06
Rockwell Biskupiak,Marketing,1986-07-30,1997-07-14
Junia Sycamore,Human Resources,1984-02-06,1987-07-24 01:31:09 UTC
Noach Giovannacci,Engineering,2015-08-22,2033-09-04 22:07:52 UTC
Cati Breazeall,Engineering,2006-04-17,2017-01-17
Hanna Fillan,Services,2013-08-19,2032-04-16 23:43:12 UTC
Kerrin Halbeard,Sales,2018-01-01,2029-02-26 03:19:27 UTC
Erhart Gosdin,Training,2000-04-07,2029-12-31 10:51:57 UTC
Merwyn Lampbrecht,Product Management,2003-04-10,2004-11-29
Emmalynne Giorgioni,Support,1991-06-24,2002-03-10 02:07:20 UTC
De witt Wagenen,Support,1994-02-10,2004-02-28 11:19:18 UTC
Niccolo Brugmann,Accounting,1970-08-20,1989-05-08
Glyn Faull,Support,1973-08-22,2002-02-12
Dianne Game,Support,1997-09-08,2015-04-20
Carroll Juszczyk,Human Resources,1971-01-04,2016-10-29
Robby Feighry,Training,1976-05-02,1998-11-10
Kalli Torra,Support,1990-06-21,2004-09-13
Rubina Stanaway,Marketing,1972-08-31,1989-02-02
Roberta McCrudden,Sales,2017-07-08,2037-10-07 15:02:51 UTC
Fawn Trundler,Research and Development,2007-10-17,2034-04-09 19:36:11 UTC
Della Ottey,Business Development,2004-06-12,2024-10-07 06:15:35 UTC
Connie Larose,Services,1982-11-26,1983-04-08
Angus Josefowicz,Research and Development,2014-10-17,2018-06-19
Imogene Brik,Product Management,2010-01-31,2031-05-07 16:33:33 UTC
Jojo Taborre,Marketing,2018-06-02,2037-04-14 18:32:39 UTC
Neila Barneveld,Sales,1972-01-01,1973-10-21 20:01:35 UTC
Devonne Tremberth,Services,2009-05-02,2016-07-03
Randee Kimbling,Training,1995-09-21,2011-11-14
Gris Brockley,Research and Development,1988-12-28,1990-03-24 22:27:24 UTC
Rockwell Huddles,Sales,1986-03-27,1991-09-18 09:41:35 UTC
Nefen Thackham,Research and Development,1999-02-20,2025-02-06 21:24:50 UTC
Mordecai Roseburgh,Product Management,2005-04-29,2006-05-02
Birgitta Croughan,Support,2002-12-29,2026-11-01 07:01:56 UTC
Rodina Misselbrook,Product Management,1977-09-01,2002-04-18
Roberta Bruhke,Legal,1994-06-29,2016-03-07
Bordy Bonavia,Product Management,1984-07-24,1995-06-29
Trev Readwin,Research and Development,2017-11-29,2049-03-05 23:09:04 UTC
Kelby Biaggiotti,Legal,2015-01-31,2034-07-14 15:28:15 UTC
Wit Baldoni,Services,1979-10-02,2006-08-31
Amery Adger,Product Management,1987-12-10,2007-07-26
Cherey Turgoose,Marketing,2003-11-28,2018-09-24 20:08:01 UTC
Adelind O' Hogan,Legal,2015-04-27,2037-10-15 14:52:50 UTC
Phebe Goodbourn,Services,1973-02-03,1996-09-10
Arabelle Baggalley,Marketing,2013-09-03,2032-09-23 02:02:28 UTC
Davina Bussons,Research and Development,2017-09-19,2044-06-26 18:17:40 UTC
Demetris Manifould,Legal,2006-03-02,2014-09-24
Brittni Bartoszek,Business Development,2000-02-28,2014-12-19
Florella Fierro,Support,1975-01-04,2004-01-06
Robbi Charrier,Business Development,1985-04-03,1993-07-25
Hesther McGaraghan,Engineering,1996-08-27,2003-01-21
Xymenes Grange,Marketing,2003-03-11,2024-01-22 06:10:26 UTC
Dorthy Degli Abbati,Sales,1973-12-06,2002-10-05
Teressa Ogdahl,Accounting,1992-02-11,2009-10-07 00:55:37 UTC
Jerrold Matic,Business Development,1995-04-10,1997-06-28 01:16:51 UTC
Marieann Hawk,Services,1975-05-29,1983-03-29
Rich Vipan,Training,2012-12-30,2020-06-15 01:55:06 UTC
Carlita Naismith,Legal,2003-03-15,2031-05-27 05:29:05 UTC
Viv Fipp,Human Resources,1986-05-22,1987-01-20 23:33:34 UTC
Sarena Handes,Engineering,1973-05-14,2014-06-10
Ilyssa Courtman,Sales,2015-12-11,2033-10-25 20:24:56 UTC
Meggie Leaning,Services,2018-05-10,2032-04-18 11:49:16 UTC
Chrysa MacAree,Business Development,2006-08-27,2011-08-29 02:28:29 UTC
Demetre Antonov,Research and Development,1981-03-06,1993-11-06
Bridgette Pietz,Research and Development,1990-10-09,1996-02-13
Jethro Paddemore,Product Management,1970-06-23,2005-03-10
Culley Elcy,Training,1987-02-05,1990-01-09 18:52:12 UTC
Sauncho Carlaw,Services,1989-03-25,2005-03-08 21:32:04 UTC
Willy McCoy,Support,1971-08-07,2005-04-21
Felipe Dunderdale,Services,2007-07-04,2011-12-05
Alvinia Edginton,Business Development,2000-12-27,2007-11-18 01:10:53 UTC
Bernardo Humberstone,Marketing,2000-06-12,2007-08-07 06:49:13 UTC
Kaylyn Routley,Training,1994-12-16,2004-08-08 16:26:54 UTC
Selby Hiorn,Accounting,1990-08-11,2006-11-06 01:48:17 UTC
Fairleigh McGregor,Research and Development,1982-03-01,1983-06-20
Elvira Brothwell,Support,1995-07-03,2015-11-19
Laverna Ragge,Services,1979-03-30,1997-01-04
Mahmoud De'Ath,Research and Development,2008-03-13,2044-02-18 08:33:28 UTC
Verena Downe,Accounting,1994-01-26,2018-02-18 17:16:16 UTC
Gavan Tombleson,Human Resources,1970-04-09,1994-12-02
Reinaldo Hamer,Training,1973-10-08,2014-06-14
Ruby Lorie,Marketing,1973-11-05,1994-02-25
Olympe Lebarree,Training,1981-02-13,1992-01-28 12:59:20 UTC
Adella Patinkin,Product Management,1984-10-31,2003-01-15
Sally Eckley,Research and Development,1976-03-09,2000-08-15
Katie Cristofanini,Marketing,1983-07-08,2018-07-28
Carrie Leroy,Legal,1989-11-28,1996-05-13
Benny Shoutt,Product Management,1970-05-04,1992-01-29
Emmalyn MacQueen,Legal,2010-04-21,2044-03-29 01:00:19 UTC
Duky Heales,Legal,1994-10-08,2001-04-29 13:52:34 UTC
Radcliffe Twittey,Business Development,1990-07-10,2001-08-16
Sadie Ferroni,Human Resources,1971-12-26,1977-11-22
Arley Wolver,Accounting,1999-05-26,2014-10-08
Theodore Fletham,Services,2014-11-12,2052-09-24 00:48:21 UTC
Isobel Pogg,Accounting,1992-12-29,2013-05-06 22:56:27 UTC
Davidde Madre,Research and Development,1996-12-07,1999-05-07 00:11:49 UTC
Kevina Cudworth,Accounting,1975-01-31,2011-11-21
Huntley O'Callaghan,Business Development,2012-06-06,2030-01-12 13:53:06 UTC
Gus Geeves,Business Development,1985-11-07,1992-10-05
Camey Stickins,Legal,1990-06-07,2015-02-22
Bernadette Windley,Accounting,1983-10-12,1988-01-24 18:56:52 UTC
Devi Whiles,Legal,2006-08-10,2008-06-29
Penny Popham,Marketing,2001-09-01,2006-09-17 19:27:35 UTC
Deeanne Guillon,Engineering,1987-09-23,1993-08-26
Terrill Couvet,Services,1974-04-01,1990-05-10
Allie Wooton,Human Resources,1985-11-02,1991-07-26
Vincenty Seeking,Product Management,1973-02-09,1981-04-12
Eileen Aldren,Product Management,2009-11-12,2046-02-08 16:34:29 UTC
Juliane Mellers,Training,2015-08-30,2016-04-27 14:50:07 UTC
Gaspar Hedgecock,Human Resources,2016-04-27,2056-03-04 20:01:43 UTC
Elwin Reschke,Sales,1978-02-20,1994-01-09
Gerik Klessmann,Research and Development,1995-11-01,2011-02-22 13:12:59 UTC
Min Beatson,Marketing,1996-06-19,2006-06-08
Randal Hatje,Marketing,1994-06-29,2013-05-14 14:13:15 UTC
Mollie Meddows,Marketing,2007-10-11,2028-07-11 11:21:55 UTC
Bryon Rasper,Accounting,2010-07-02,2015-07-13 16:29:49 UTC
Rufe Feldmus,Product Management,2007-08-18,2035-04-15 14:37:17 UTC
Knox Hackly,Marketing,1975-02-01,1984-10-13
Leisha Sayton,Marketing,1988-05-30,2000-11-05 04:26:58 UTC
Cody Echalier,Human Resources,1996-03-11,2007-07-08
Elias Chittie,Research and Development,2007-05-10,2022-07-27 21:11:49 UTC
Ruby Boyan,Services,2016-12-12,2025-02-21 15:55:21 UTC
Rozina Ricker,Training,2005-07-07,2035-11-27 05:59:18 UTC
Tait Francois,Research and Development,1979-01-20,2008-06-03
Llewellyn Grafhom,Marketing,1971-05-21,2017-01-08
Calhoun Coke,Business Development,2013-08-07,2019-08-08 17:24:59 UTC
Nonnah D'Avaux,Engineering,2016-08-24,2020-12-23 17:04:36 UTC
Flora Brann,Legal,1977-02-14,1979-10-25
Martha Ramard,Human Resources,1985-01-11,2018-09-14
Harrison Larkings,Human Resources,1988-12-28,2015-06-04
Norrie O'Leagham,Engineering,1997-03-24,2011-01-15
Niels Duer,Accounting,1990-11-16,1995-06-29 11:53:29 UTC
Elisabetta Giddy,Human Resources,1986-06-01,2005-02-06
Muhammad Risdale,Training,1982-10-28,1983-08-11 16:32:27 UTC
Glyn Hayfield,Product Management,1974-03-23,1997-03-11
Fania Duckerin,Human Resources,1983-12-22,1985-12-31 15:15:11 UTC
Vin Pringley,Business Development,2016-07-24,2045-01-29 03:50:14 UTC
Say Plumb,Accounting,1972-11-04,1995-03-13
Lindsay Pankhurst.,Product Management,1972-03-08,1983-04-15
Christen Allmen,Engineering,1983-02-20,2011-01-22
Amy Rumming,Services,1983-07-02,1989-04-23
Stefa Vida,Training,1975-03-12,2016-02-02
Nesta Nightingale,Training,1974-11-19,2000-12-04
Fredi Greeding,Legal,1986-06-11,1992-11-10
Analiese Ianiello,Business Development,1984-06-18,1995-10-04 03:38:04 UTC
Chet Rosewarne,Engineering,2006-04-09,2014-06-13 23:56:43 UTC
Boniface Arghent,Marketing,2006-08-04,2026-02-26 18:22:38 UTC
Marga Ausello,Engineering,1984-10-01,1986-09-01 11:28:01 UTC
Dania Warsap,Training,2005-03-15,2007-09-03
Kile Judron,Legal,1984-07-10,2006-11-24
Nixie Gomar,Human Resources,2001-11-04,2010-03-04 04:35:04 UTC
Seumas Charge,Support,2005-06-15,2033-05-14 03:58:31 UTC
Ki Sidaway,Sales,2007-05-08,2036-12-08 11:14:39 UTC
Raff Fehners,Support,2005-09-15,2019-08-04 23:26:15 UTC
Filmore Emblow,Research and Development,1991-08-04,2006-05-31 06:04:48 UTC
Vanda Roomes,Business Development,1995-01-26,2014-03-03
Hildegaard Parkes,Accounting,1988-10-12,1995-06-14
Merrile Fallen,Support,2000-01-14,2003-03-08 16:06:46 UTC
Drud O'Spellissey,Product Management,1984-01-17,1988-11-27 08:07:05 UTC
Celestina Charette,Support,1999-07-25,2005-08-15
Melodie Rogerson,Accounting,1971-05-17,1980-10-29
Mahalia Oppy,Engineering,1987-10-05,1987-11-24 02:49:23 UTC
Sherwood Jimmes,Business Development,1990-03-22,1990-10-24 08:18:33 UTC
Boyd Livingstone,Product Management,1982-01-14,1990-12-03
Oates Seedhouse,Support,1980-11-29,1982-09-21
Wes Foggarty,Product Management,2004-08-28,2019-02-16 20:43:19 UTC
Cybil Hadrill,Human Resources,2003-11-07,2034-08-06 00:41:04 UTC
Marcie Leyband,Engineering,1985-05-21,2004-10-19
Bambie Sprules,Support,2000-01-18,2017-06-21
Miner Brimner,Services,1973-09-08,2010-03-07
Petronia Insley,Business Development,1976-11-23,1987-01-30
Magdalene Duchateau,Engineering,1987-12-14,1997-09-24
Uta Starling,Sales,2017-03-08,2031-02-21 04:21:23 UTC
Shermy Manske,Legal,1993-09-27,2006-04-30
Caryn Bignell,Business Development,2002-03-24,2030-04-10 12:32:09 UTC
Louie Ducker,Services,2015-01-21,2033-10-01 03:53:39 UTC
Si Fierro,Business Development,1980-05-09,1987-08-03 15:43:30 UTC
Waiter Pettigrew,Research and Development,1988-06-19,1993-06-02
Theodora Strong,Research and Development,1998-04-07,2002-10-28
Lisha Dingle,Engineering,1995-12-29,2001-05-09
Beverlee Appleby,Research and Development,1986-01-20,1989-09-25 11:31:20 UTC
Torin Claesens,Services,2007-09-14,2027-12-04 02:33:35 UTC
Chloe Mogey,Engineering,1970-06-10,2017-11-20
Mellie Tzarkov,Legal,1994-08-28,2005-03-21 08:21:15 UTC
Sidonia Waby,Marketing,2011-10-22,2015-05-26 15:14:56 UTC
Staford Merrin,Research and Development,2016-10-31,2041-12-21 19:06:12 UTC
Lance Pottle,Research and Development,1996-12-05,2014-02-08 08:20:38 UTC
Durand Barfoot,Support,1984-06-15,1991-12-17 00:20:55 UTC
Lucias Grogono,Training,2015-05-14,2021-01-10 20:41:38 UTC
Sophie Castiello,Legal,1988-05-10,1999-08-15 18:42:27 UTC
Diarmid Greenless,Support,1992-06-11,2007-05-20
Viviene Stoite,Human Resources,1972-10-06,1974-04-30 14:38:41 UTC
Ross Gettins,Accounting,2007-10-15,2008-03-20
Keely Macewan,Research and Development,1999-03-22,2004-03-12
Gonzalo Meaney,Business Development,1987-03-30,2018-04-01
Maryanna Filgate,Engineering,1971-08-20,1972-03-07 17:58:01 UTC
Dorian Giral,Sales,2012-01-07,2044-12-05 23:04:12 UTC
Anna-diana Mapplebeck,Training,1984-12-13,1996-05-05
Farlie Nalder,Training,2017-11-03,2065-05-27 18:35:28 UTC
Aigneis Brewett,Services,1987-02-03,2013-09-26
Angy Spray,Human Resources,1996-11-19,2000-07-05 14:02:36 UTC
Cindee Eixenberger,Product Management,1985-11-15,1991-12-23
Germain Schwier,Engineering,1971-10-04,1990-04-05
Thaddeus Berndtsson,Human Resources,1975-07-15,2016-09-27
Fin Wyett,Training,1986-09-16,1994-09-26
Geralda Balderson,Support,1997-11-24,2009-06-15 01:23:06 UTC
Etta Redferne,Marketing,1983-08-01,1985-11-05
Sebastien Giraudo,Marketing,2001-08-17,2002-01-15 14:39:53 UTC
Vidovik Doel,Human Resources,1979-09-24,2011-03-18
Dinah Burrage,Support,2001-10-31,2029-02-24 12:43:54 UTC
Hewitt Burton,Human Resources,2015-09-25,2059-11-14 09:43:46 UTC
Katinka Manuele,Sales,2018-06-01,2060-12-14 17:46:00 UTC
Agosto Annand,Marketing,2009-09-01,2034-04-05 22:53:57 UTC
Josephine Laffranconi,Product Management,1982-04-22,1989-05-25 19:36:25 UTC
Stacee Vannuchi,Business Development,1991-12-24,1996-10-20
Caril Veal,Human Resources,1978-08-01,2004-07-04
Miranda Blennerhassett,Accounting,2015-04-30,2055-04-27 17:18:29 UTC
Ly Beaty,Support,1975-10-06,1976-10-02
Hilliary Roizin,Engineering,1973-05-18,2012-03-03
Cinnamon Rubinow,Sales,2013-11-06,2055-01-17 17:10:11 UTC
Andee Pridgeon,Support,1984-06-28,1995-08-26 13:08:21 UTC
Kate Starkie,Research and Development,2010-09-13,2019-03-22 10:25:35 UTC
La verne Scolland,Product Management,1997-02-18,2015-11-12 05:15:36 UTC
Carmelia Hiland,Accounting,1996-12-10,2015-02-13 14:57:59 UTC
Donelle Biswell,Business Development,2017-05-03,2062-09-01 10:26:25 UTC
Menard Allcott,Training,2012-07-09,2041-04-03 06:03:50 UTC
Marja Hagwood,Sales,2004-12-07,2020-10-31 23:57:21 UTC
Abba Matschke,Business Development,2018-01-19,2048-08-08 11:29:44 UTC
Karlee Bysh,Support,1982-09-27,1989-10-11 01:32:49 UTC
Luis Gilman,Legal,1970-11-07,1986-11-17
Celestia Knill,Support,2011-10-09,2015-01-21 13:22:35 UTC
Zarah Fancet,Business Development,2000-05-24,2015-07-09 21:06:49 UTC
Ellette Davidsen,Legal,2017-09-14,2051-05-16 03:40:12 UTC
Christiano Rosenauer,Legal,1993-09-07,1999-12-08 08:14:13 UTC
Wilt Niche,Marketing,1971-11-11,1972-11-19
Spense Durdy,Marketing,1979-09-24,1983-07-12 01:41:50 UTC
Ruby Frays,Legal,1991-05-21,1993-01-08 22:34:21 UTC
Rodger Huntress,Services,1976-06-12,2009-08-06
Malachi Iacavone,Sales,1984-01-18,1989-12-09
Clevie Broinlich,Human Resources,2007-08-24,2022-04-15 07:44:52 UTC
Clarine Butler-Bowdon,Business Development,1998-07-22,1999-05-12 07:15:01 UTC
Hilario Crowd,Research and Development,2009-05-25,2024-11-03 04:35:07 UTC
Olly Mattityahou,Training,2004-11-09,2027-03-23 19:22:55 UTC
Alameda Bonnin,Product Management,1985-02-23,1995-12-25 00:56:51 UTC
Cherish Hryniewicki,Research and Development,1998-12-27,2017-07-25 12:15:22 UTC
Abbe Sabate,Support,1984-11-21,2000-08-28
Wit McCobb,Legal,2007-08-29,2017-12-27 11:16:05 UTC
Fairfax Pole,Sales,2006-11-20,2018-08-07 02:23:27 UTC
Loretta Seaton,Sales,1984-07-26,2009-02-07
Ailbert Pickover,Support,2005-04-06,2011-02-11 04:32:12 UTC
Ingaborg Golder,Sales,2010-12-11,2040-04-16 03:06:28 UTC
Shandee Rossbrooke,Marketing,1989-08-17,2004-10-21
Dennie Wall,Engineering,1990-01-23,1994-10-31
Brucie Taudevin,Research and Development,1984-11-03,1999-02-28 15:07:24 UTC
Isador Basant,Product Management,1977-06-14,2003-05-25
Paule Fairrie,Human Resources,1976-09-29,2016-10-10
Darrell Cereceres,Product Management,1997-01-25,2010-03-13
Belva Ivanchenkov,Services,1988-09-30,1990-10-25 17:42:38 UTC
Lindon Knappett,Product Management,1989-07-23,2008-01-20
Sean Kobpa,Research and Development,2009-09-24,2014-04-27 21:38:05 UTC
Ada Adlam,Training,2010-04-16,2039-09-26 19:52:21 UTC
Aubry Proudman,Human Resources,2004-02-07,2004-03-12 12:57:42 UTC
Fitz Barker,Business Development,1999-01-20,2008-05-14 09:07:20 UTC
Estell Scadden,Business Development,2006-08-24,2026-04-11 17:35:09 UTC
Fionna Jarvie,Business Development,2014-08-11,2052-11-10 01:01:14 UTC
Dwain Perutto,Product Management,2016-01-01,2052-09-03 22:44:43 UTC
Anissa Goadby,Engineering,1995-02-04,1999-11-01
Conchita Calyton,Services,1989-01-12,1996-05-12
Boyd Mapes,Support,1987-02-08,1994-11-03
Yolane Legister,Marketing,1984-11-18,1998-08-27 07:41:25 UTC
Sianna Cumbridge,Legal,2014-07-26,2055-11-01 20:01:25 UTC
Koren Sigsworth,Product Management,1971-02-28,2004-07-10
Kimmi Clewlowe,Sales,2018-06-23,2020-02-11 11:01:11 UTC
Corissa Oldford,Engineering,1999-02-17,2000-02-21
Phaedra Antosik,Training,1980-12-12,1995-12-20
Alaster Sewall,Support,1980-12-30,1994-06-24
L;urette Bartosik,Services,1988-04-07,1990-02-13
Cassaundra Greenrodd,Research and Development,2004-08-30,2038-05-25 16:56:05 UTC
Myron MacGahey,Accounting,1993-05-30,2012-03-01
Daisi Habben,Accounting,2016-12-28,2038-04-26 11:52:48 UTC
Krystle McGrath,Marketing,1981-08-04,1997-02-11
Ruperta Boshier,Marketing,2006-10-19,2016-07-19
Jobey Surtees,Services,2009-09-18,2044-06-16 15:44:36 UTC
Standford Gilfillan,Marketing,1986-07-08,1997-05-27
Wolfie Copestick,Product Management,2004-03-09,2017-09-06
Jeddy Domelow,Product Management,1970-05-30,1977-04-11
Jordan O'Caine,Marketing,1993-09-17,2010-07-29
Nettle Choupin,Training,1978-06-09,2013-01-27
Pen Chipps,Marketing,1982-06-11,1991-09-25 06:23:16 UTC
Catlee Leabeater,Human Resources,2006-03-21,2012-03-10
Antone Hawk,Engineering,1991-02-09,1999-12-08
Lombard Flew,Product Management,2000-08-28,2003-09-25 07:44:39 UTC
Yasmin Blenkinsop,Product Management,1975-01-21,1992-01-10
Homer Chaundy,Support,2012-03-24,2026-12-02 16:37:18 UTC
Malinda Mcwhinney,Engineering,2015-11-24,2030-08-04 14:25:18 UTC
Theresina Bielfeldt,Marketing,1983-08-07,1985-07-13
Chrysa Sammars,Product Management,1976-04-17,1981-05-20
Carolan Ausello,Legal,1996-12-29,2004-11-05
Clarisse Lynn,Marketing,2016-12-27,2018-09-20 22:04:20 UTC
Shandee Julien,Support,1971-11-11,1998-11-29
Arnuad Pedersen,Accounting,1970-11-10,1976-06-17
Ronna Joiner,Sales,1983-10-08,2012-08-23
Brocky Bathoe,Human Resources,1993-02-16,2004-07-24 01:57:40 UTC
Ambrosio Songust,Training,1972-02-11,2013-09-01
Pierson Rickell,Product Management,1986-06-21,1998-04-05 13:21:03 UTC
Helen-elizabeth Parnham,Product Management,1979-06-16,2007-08-07
Vanni Callendar,Support,1971-01-11,1979-10-05
Othilie Craister,Sales,1981-03-07,2004-11-11
Kalie Killeen,Engineering,2004-02-26,2011-06-03 22:36:03 UTC
Armando Coxwell,Training,1973-05-17,1996-05-28
Christi Latham,Research and Development,1986-06-03,2008-09-19
Noelle Bardwell,Human Resources,2001-03-16,2006-11-02 20:47:36 UTC
Kahlil Johnsee,Marketing,1973-06-03,2003-06-28
Gilly Bretelle,Sales,1988-09-25,2014-04-06
Lynnelle Brandreth,Product Management,2007-09-29,2009-12-19
Wyatan Silley,Marketing,1999-11-25,2014-09-17
Bale Ince,Training,2010-02-16,2019-04-01 07:55:32 UTC
Derick Narracott,Sales,1972-11-03,1993-01-18
Georgena Ventam,Marketing,1972-01-28,1990-02-25
Oren Willmett,Business Development,2011-03-16,2031-11-18 12:11:55 UTC
Sam Ysson,Marketing,1983-08-13,2015-04-06
Anallese Argontt,Support,1998-09-13,1999-06-15 07:29:50 UTC
Chaddie Louedey,Training,1988-07-17,1993-01-18
Perice Ravillas,Research and Development,2002-07-24,2019-04-23 12:02:59 UTC
Tiler Legge,Sales,1972-07-05,1984-01-29
Hynda Diamond,Product Management,1970-09-08,2015-06-03
Denice Frediani,Research and Development,1985-11-02,1987-05-18
Fleur Risom,Engineering,1977-06-23,2005-10-06
Becki Ruter,Legal,2005-10-09,2015-10-20
Giselbert Depka,Research and Development,1979-09-03,1985-08-24 17:58:04 UTC
Zacharias Orwell,Sales,1989-12-03,1998-09-30
Cyrillus Kull,Marketing,1996-02-17,2015-12-04 01:23:11 UTC
Dick Harsum,Research and Development,1974-10-25,1975-08-09
Ellissa Arguile,Human Resources,1985-10-31,2015-05-18
Farlee Bulmer,Accounting,2004-02-24,2025-10-27 07:25:14 UTC
Salli Klain,Legal,1992-02-12,2008-05-16 23:14:26 UTC
Giusto Hardiman,Accounting,1980-04-30,2009-05-19
Wynne Enns,Business Development,1974-12-09,1979-11-24
Mata Madsen,Human Resources,1987-11-13,1992-12-02 01:37:09 UTC
Erek Panks,Training,1985-01-06,2011-09-22
Robinson Billows,Marketing,1974-01-06,1976-06-24
Ker Colloby,Training,1978-12-13,2015-02-15
Glenn Harrell,Sales,2001-09-23,2015-06-01
Bernardine Spada,Research and Development,1984-04-24,1985-08-30
Caddric Lampl,Services,1999-01-08,2008-08-03
Kenna Lewerenz,Product Management,2008-12-07,2031-10-15 23:28:23 UTC
Esta Gray,Sales,1974-04-25,2016-10-28
Kareem Beadman,Sales,1998-12-29,2026-05-22 08:22:41 UTC
Brandy Barnardo,Sales,2008-03-21,2020-12-16 16:30:10 UTC
Margaretta Stobie,Training,2011-06-05,2016-06-04 01:36:35 UTC
Valaree Luthwood,Marketing,1989-12-24,1993-07-07 10:20:07 UTC
Clifford Speenden,Training,1999-07-15,2004-07-07
Sashenka Gratland,Business Development,1988-08-25,2010-03-15
Madeleine Volonte,Product Management,1980-06-08,1982-10-14 19:29:09 UTC
Christie Pedrick,Human Resources,2014-01-20,2045-09-04 05:29:04 UTC
Rikki Le Maitre,Legal,1976-04-17,1977-07-08 14:37:17 UTC
Orbadiah Campione,Business Development,2012-12-27,2021-06-23 18:52:48 UTC
Ignacius Gillinghams,Legal,2013-06-27,2040-03-18 18:47:30 UTC
Keefe Lackney,Support,1974-03-11,2010-04-11
Anet Mardee,Support,2010-05-04,2016-05-19
Kym Cheevers,Training,2009-01-28,2029-05-24 04:23:31 UTC
Miltie Welton,Research and Development,2008-11-26,2041-07-14 00:17:52 UTC
Gilberto Haversum,Sales,1982-07-09,2007-03-12
Ange Thonason,Product Management,2006-10-12,2007-02-21 06:54:49 UTC
Laurette Dodson,Product Management,2005-02-22,2026-03-15 00:55:57 UTC
Orv Dionsetto,Product Management,1987-09-06,1999-08-04
Roxi Leynagh,Support,1985-01-31,1988-08-21
Marlena Rosgen,Engineering,2002-10-03,2019-03-05 13:43:05 UTC
Roslyn Radage,Product Management,1983-03-11,2011-03-28
Chelsie MacGarvey,Marketing,2004-12-10,2006-08-05
Rouvin Schroter,Accounting,2015-08-01,2024-09-25 18:55:16 UTC
Lesley Rymour,Sales,1989-07-31,2008-12-11
Kyle Conkay,Training,1990-06-04,2009-04-12
Juliana Chidlow,Product Management,2003-10-24,2023-10-01 07:30:04 UTC
Gretal Westrope,Product Management,1982-03-30,1985-01-20 02:25:40 UTC
Vincenz Aimable,Human Resources,1989-02-08,2016-08-15
Bonnibelle Pavolillo,Marketing,2006-05-11,2026-01-06 02:24:09 UTC
Opaline Burger,Accounting,1991-04-07,2007-07-21 00:27:01 UTC
Der Mettricke,Training,2018-06-12,2052-03-16 14:06:54 UTC
Merl Elnough,Marketing,2011-06-12,2034-07-31 09:27:48 UTC
Glenn Childs,Training,1970-04-03,2004-01-10
Merrill Thredder,Product Management,2017-06-28,2018-10-14 13:59:27 UTC
Terrie Carreck,Human Resources,1970-07-02,1975-07-24
Reider Raison,Training,1999-08-25,2019-07-19 18:23:03 UTC
Moyra Weeke,Legal,2014-07-20,2018-01-27 21:24:02 UTC
Cathie Villa,Marketing,2004-06-21,2012-01-06 12:33:19 UTC
Krystalle Flello,Training,2002-09-02,2028-08-27 01:20:36 UTC
Nap Watt,Marketing,1988-03-12,1990-07-23 17:26:51 UTC
Kelcie Baudi,Services,1994-03-23,2009-09-09
Cory Laurence,Sales,1987-09-19,2008-05-15
Winona Keelinge,Engineering,2016-10-24,2027-11-24 16:14:05 UTC
Cullan Clemente,Support,1984-12-04,1996-11-28
Lauri Warin,Engineering,2018-05-18,2027-11-05 08:17:54 UTC
Ethelda Dami,Marketing,1987-06-09,2011-01-19
Wayne Janiak,Training,1993-03-11,2008-02-22
Cris Biagini,Services,1973-07-05,2014-06-14
Reidar McCallam,Engineering,1979-08-11,2008-01-08
Sandye Bursell,Training,2006-05-14,2018-04-17
Sig Sains,Accounting,1993-04-23,2018-01-07
Stephenie Ousby,Services,1977-05-02,1999-07-01
Juline Luckham,Marketing,2001-01-09,2008-11-17
Gibbie Dreschler,Services,2013-07-22,2033-04-26 07:19:10 UTC
Kirstyn Temperton,Human Resources,2001-04-25,2002-01-13
Marlyn Dumbrill,Accounting,2001-01-14,2005-07-30
Hort Cunradi,Engineering,1980-03-23,1999-04-07
Rebecka Jubb,Services,1984-05-17,1991-12-30 06:18:06 UTC
Christy Brill,Accounting,1984-12-27,2002-05-11
Bev Barson,Services,1983-07-16,1992-08-17
Wenda Paule,Marketing,1999-06-27,2013-09-20
Verney Challiner,Marketing,1975-10-20,1978-06-17 02:33:31 UTC
Lizette Macquire,Business Development,1991-03-03,2006-07-17 09:47:40 UTC
Stormy Greggs,Human Resources,1990-09-21,1997-07-14
Denys Benda,Product Management,1974-11-04,2009-01-01
Teriann Lotze,Research and Development,1989-06-20,1996-12-19 03:09:49 UTC
Vanna Newlands,Sales,2002-07-28,2006-06-03 05:24:11 UTC
Gabrielle Doubleday,Business Development,1983-01-10,2016-01-07
Joby Mohamed,Training,1977-08-13,1994-11-01
Joey Crangle,Engineering,1999-11-21,2027-10-12 19:41:55 UTC
Wilie Barde,Services,2001-05-27,2012-02-24 14:00:08 UTC
Shermy Ibbs,Research and Development,1986-10-13,2000-04-10
Kris Fall,Sales,2009-12-03,2036-03-11 19:44:02 UTC
Dynah Goldin,Research and Development,1999-01-29,2014-06-13
Chester Bolens,Research and Development,2007-07-14,2017-06-17 17:35:14 UTC
Sonni Wayt,Legal,2012-03-07,2044-01-17 01:30:41 UTC
Reeva Rechert,Services,1988-11-18,2015-09-29
Loella Felkin,Sales,1980-09-27,1986-02-15
Randolf Rizzo,Legal,1989-07-19,2018-09-09
Ronni Clymo,Engineering,1978-06-11,1991-08-19
Sergei Ciobutaru,Engineering,1976-01-25,2006-04-19
Marya Arnoult,Engineering,2006-02-25,2013-03-17 09:31:25 UTC
Brunhilda Stirman,Research and Development,2011-07-22,2013-12-31 04:05:03 UTC
Jeniece Labroue,Business Development,1972-02-24,1992-01-26
Alfonso Ucchino,Legal,2005-06-08,2008-12-18 06:54:49 UTC
Heindrick Jenicke,Product Management,2013-09-06,2031-02-21 23:36:26 UTC
Burl Beeton,Human Resources,1979-12-08,2016-02-28
Arabela Waberer,Legal,1995-12-11,2004-11-05
Culley Klezmski,Engineering,1977-08-27,1981-08-29
Allene aManger,Product Management,2001-10-09,2010-02-24
Cathyleen Dowzell,Legal,1982-01-12,2002-10-13
Hollyanne Chartre,Accounting,1999-09-09,2003-06-21
Odie Shekle,Accounting,1972-10-09,1977-12-25
Valentijn Dartan,Training,2000-08-26,2011-11-30
Emmit Llop,Legal,1984-05-23,1999-07-15
Dorian Henryson,Research and Development,1980-10-28,2013-05-11
Spencer Maidlow,Legal,1991-03-07,1997-10-10
Easter Palfreeman,Research and Development,1982-12-06,2007-04-28
Andros Waddingham,Accounting,2003-10-31,2029-09-30 05:02:49 UTC
Dare Vanin,Engineering,1993-01-16,1994-10-21
Lavinie Matzkaitis,Product Management,1987-11-29,1988-05-20
Kennan Hymus,Training,1985-08-13,1997-03-06
Sherline Camus,Human Resources,1983-07-18,1986-05-03 05:35:19 UTC
Obadiah Pudney,Research and Development,2017-01-07,2047-04-12 00:46:23 UTC
Ellerey Eldrid,Support,1982-02-22,1985-10-23
Antone Aubury,Support,1988-02-02,2007-07-28
Wilbur Willgoss,Services,2009-11-09,2010-04-05 08:28:00 UTC
Bella Hazlegrove,Human Resources,1970-11-09,2012-11-07
Alessandro Cammoile,Business Development,2014-09-23,2044-05-05 07:44:39 UTC
Romeo Laite,Research and Development,1975-05-25,1992-06-11
Merridie Blacker,Marketing,1998-03-04,2010-04-24 06:37:49 UTC
Kerr Boyat,Human Resources,2003-03-12,2028-08-17 15:09:18 UTC
Bram Ambridge,Business Development,1988-07-18,2004-05-09 00:26:54 UTC
Harcourt MacCarrick,Services,1984-06-26,2004-07-23
Huntley Marlow,Legal,1996-11-07,1999-12-24 09:26:53 UTC
Gui Burfield,Sales,2002-04-04,2031-03-19 15:57:12 UTC
Laetitia Duthie,Sales,1983-02-02,1986-09-14
Harlen Byrne,Services,1985-09-25,1998-01-24 14:50:03 UTC
Gianina Philp,Product Management,1995-04-05,2000-02-26
Omero Hassewell,Product Management,2017-06-26,2031-02-11 15:54:59 UTC
Estell Aitkenhead,Engineering,2013-07-21,2025-05-09 05:16:26 UTC
Filmer Ziehm,Engineering,1985-04-25,1985-08-16 04:55:37 UTC
Stephannie Godrich,Marketing,1977-05-11,1997-04-09
Glenn Rubbert,Accounting,1999-03-17,2026-08-10 03:05:46 UTC
Carita Fullerton,Sales,1982-01-12,1983-10-11
Rafael Squire,Legal,1995-02-17,2010-08-20 14:07:48 UTC
Krystalle Morphet,Accounting,1971-08-05,1989-02-11
Holly Cumber,Support,2006-02-18,2030-08-27 01:12:51 UTC
Jecho Skilling,Accounting,1984-11-04,1997-03-22
Abagail Staniforth,Research and Development,2002-01-30,2019-04-18 06:01:21 UTC
Cathlene Kulis,Business Development,1994-02-16,2009-12-19
Rickard Prestie,Accounting,1974-10-18,1980-02-03
Alayne Goodridge,Product Management,1976-01-09,1981-01-20
Ivy Pinare,Training,1980-07-28,1985-11-14 11:13:45 UTC
Alysa Rubinow,Business Development,1996-05-08,2017-07-28 16:52:56 UTC
Zea Gostling,Support,1979-08-26,2004-01-24
Sheffield Melbourne,Accounting,2011-05-31,2030-03-10 19:50:54 UTC
Rhoda Meynell,Legal,1972-02-12,2000-04-29
Nathalia Kibby,Product Management,2001-11-06,2032-01-12 21:56:21 UTC
Sibyl Reppaport,Research and Development,2001-01-03,2018-06-14 02:46:14 UTC
Orson Riediger,Product Management,1999-02-03,2013-12-10 03:23:03 UTC
Ainsley Tatnell,Training,2009-11-03,2042-02-05 18:29:20 UTC
Dar Pietroni,Research and Development,1992-11-22,2010-03-21 07:01:02 UTC
Clarine Ivel,Human Resources,1979-11-18,1985-10-12
Delila Opfer,Product Management,1979-08-30,1986-11-22 13:57:15 UTC
Maude Folbige,Business Development,2018-03-06,2055-11-03 12:19:43 UTC
Margaretta Cowp,Support,1984-04-25,2005-09-12
Gasper Paffot,Legal,2005-03-21,2011-06-10 19:39:41 UTC
Gabbi Balasin,Training,1990-08-12,2003-06-02 08:20:41 UTC
Nessie Agron,Business Development,1970-11-15,1985-11-04
Amii Kirke,Support,1971-12-03,2013-11-07
Nikolia Bertolaccini,Product Management,2002-09-03,2027-06-13 00:04:44 UTC
Elnar Lukehurst,Training,1971-08-21,2016-12-21
Annalise MacNamara,Support,1987-04-14,2018-05-24
Salli Hannabuss,Accounting,2014-06-06,2034-03-20 02:00:47 UTC
Donovan Grisdale,Sales,1978-11-03,1986-02-27
Stanwood Aldrin,Accounting,2007-01-21,2010-11-22 12:37:10 UTC
Mendie Currey,Training,2010-01-23,2020-08-04 21:58:12 UTC
Adolpho Wroe,Engineering,2009-07-28,2034-04-15 06:50:32 UTC
Dorine Labusquiere,Sales,2000-11-24,2013-10-22 08:24:50 UTC
Wilt Pinsent,Human Resources,1971-08-16,1997-03-29
Merline Grimsdith,Accounting,2013-12-05,2019-07-18 02:09:15 UTC
Sandie Horbart,Services,1977-05-17,1999-04-13
Osgood Pykett,Engineering,2013-01-19,2046-11-25 02:19:05 UTC
Beverlee Boath,Marketing,1990-08-02,2002-04-28
Riobard Broxis,Services,2008-04-07,2044-05-27 19:47:21 UTC
Burch Hopkynson,Product Management,2006-07-27,2011-01-19 21:50:04 UTC
Fancie Greenan,Training,2012-09-22,2017-05-12
Cchaddie Cramphorn,Training,1983-07-14,2014-05-23
Faulkner Redley,Research and Development,2005-12-02,2009-07-31 05:53:00 UTC
Aileen Talkington,Training,2002-04-26,2017-04-30
Dolly Dodsworth,Services,1982-05-31,2000-08-29
Gusty Pedracci,Accounting,1978-01-07,1985-02-19
Sophronia Garrie,Engineering,1988-02-22,1993-09-08 05:35:19 UTC
Teddi Kramer,Research and Development,1977-12-16,1994-10-13
Morgana Couvet,Business Development,1997-07-28,2002-12-09
Nell Downing,Training,1981-03-07,2013-07-12
Annabela Paolazzi,Marketing,1985-12-24,1998-03-18 12:23:28 UTC
Celestyn Biggadyke,Sales,1977-01-16,2005-05-08
Dottie Dorton,Marketing,2012-09-09,2034-01-06 05:49:43 UTC
Trudy Putton,Services,1999-01-27,2005-11-26
Griselda Martyn,Research and Development,1983-09-25,2011-11-09
Brendin Whitcomb,Business Development,1986-03-16,2000-04-17
Gnni Warry,Services,1995-06-24,2013-08-30
Marylin Willmot,Product Management,1996-07-24,2018-07-14
Rafaelita Shirtliff,Business Development,2010-07-19,2024-06-02 11:02:17 UTC
Madella Marlow,Accounting,1974-06-02,2011-10-29
Aldrich Piddick,Product Management,1972-05-28,1972-10-12 01:43:49 UTC
Brittaney Burnep,Sales,1986-10-14,2008-04-03
Dolf Garett,Sales,1984-04-27,2013-12-01
Claire Todarello,Sales,2004-09-06,2034-12-10 04:02:34 UTC
Dahlia Butson,Support,1989-02-26,2000-06-19 04:45:28 UTC
Hewe Bunker,Services,1985-10-27,2013-07-15
Brenden Padilla,Training,2001-10-16,2019-02-20 08:23:50 UTC
Filbert Mitcheson,Legal,1999-06-08,2014-03-07
Emmerich Neilly,Legal,2009-08-26,2013-04-21 13:56:28 UTC
Aube Giovannetti,Accounting,1971-01-21,1999-07-22
Webb Kneeshaw,Human Resources,1981-11-13,1987-04-29 06:27:18 UTC
Gerrilee Rollinson,Accounting,1984-02-21,2016-11-01
Coleman Hackett,Training,1990-03-01,1991-10-19
Jodi Plumm,Legal,2010-04-17,2042-02-04 05:28:20 UTC
Bevin Marchello,Sales,1983-10-18,2013-12-09
Horatius Mapowder,Engineering,2015-01-24,2030-03-10 18:22:02 UTC
Brittney Cowland,Research and Development,1997-08-21,1999-02-28
Gris Gorner,Marketing,1976-10-04,1996-05-06
Hillie Hoggins,Business Development,2018-05-05,2046-12-04 11:22:51 UTC
Philomena Gerrit,Engineering,2009-01-07,2011-05-31
Orelee Ruppeli,Training,2001-06-18,2023-12-12 07:28:22 UTC
Nathalie Wilstead,Accounting,2011-05-31,2022-10-15 15:13:26 UTC
Elfie Woodstock,Marketing,2005-04-30,2016-08-07
Doralynn Yakovlev,Training,1972-12-03,1988-04-27
Kaylil Orth,Product Management,1972-08-30,1993-10-22
Guido De La Salle,Accounting,2010-11-12,2013-12-05
Deerdre Ganiford,Legal,1981-12-21,2010-01-04
Arte Shipway,Engineering,1991-12-14,2008-02-08 07:24:40 UTC
Marnie Paudin,Human Resources,1997-09-27,2013-01-31
Erin Banger,Human Resources,2002-02-06,2028-09-25 16:41:48 UTC
Andreana Timewell,Engineering,1992-05-18,2000-03-28
Armand Hanbidge,Training,1997-06-06,2001-12-30 01:46:33 UTC
Vinny Massimo,Engineering,2007-10-25,2009-10-15
Waverley Peterffy,Human Resources,1993-10-23,1996-04-12
Marnia Azemar,Research and Development,2010-07-27,2030-03-11 07:56:11 UTC
Damiano Chazette,Product Management,1984-06-19,1989-03-02 03:29:16 UTC
Mendy Wallentin,Legal,2011-08-19,2031-03-02 01:15:41 UTC
Julita Davidowich,Engineering,2010-07-26,2014-11-21 02:07:59 UTC
Dorene Fynan,Business Development,2013-06-07,2026-11-23 00:29:44 UTC
Dudley Giovanni,Accounting,2003-05-31,2024-10-22 18:36:27 UTC
Briggs Foxhall,Business Development,2004-11-30,2038-12-11 13:31:53 UTC
Virgie Siddall,Engineering,2010-08-05,2049-03-10 06:54:34 UTC
Andre Gremane,Legal,1970-04-16,1980-04-29
Klarrisa D'Aeth,Business Development,1986-03-26,2001-05-12
Elihu Fiddler,Marketing,1990-02-05,2005-11-07 08:18:44 UTC
Lenka Raisher,Marketing,1997-07-10,2010-06-15
Lek Webb-Bowen,Services,2008-03-26,2014-08-15
Nathaniel Fidge,Marketing,1993-01-18,2004-12-28 14:07:57 UTC
Jo Setchell,Services,1983-07-28,1985-08-21 13:01:59 UTC
Renado Chessill,Business Development,2000-06-26,2009-05-29
Herby Joly,Legal,1994-08-26,2010-06-05 18:59:54 UTC
Rex Caffrey,Human Resources,1991-10-12,2012-03-08 18:47:15 UTC
Timmy Baudoux,Human Resources,1984-10-13,2012-11-01
Mike Barkly,Accounting,2001-08-05,2002-06-25
Gale Farndale,Legal,2017-01-26,2030-07-10 02:41:35 UTC
Frannie Trousdell,Services,1996-05-20,2005-05-30 07:55:41 UTC
Dorine Lardiner,Engineering,1977-01-02,2016-02-25
Sven Meader,Human Resources,1979-03-22,1984-11-17
Esdras Donlon,Training,2014-03-17,2014-06-29
Clifford Silliman,Business Development,1994-07-22,2006-10-09
Wilek Schaffel,Engineering,1972-01-21,1990-10-13
Eward Simony,Marketing,2005-12-11,2015-07-03
Wat Hirth,Sales,2015-04-03,2044-02-03 02:15:16 UTC
Christine Wetwood,Marketing,1997-11-08,2000-06-30
Augustine Weekes,Services,2003-01-20,2016-01-19
Carney Frame,Product Management,2001-10-18,2009-09-24
Delano Willshear,Accounting,2017-10-04,2023-02-15 23:57:52 UTC
Marni Lindholm,Product Management,1977-12-23,1982-06-21 17:22:17 UTC
Marion Mizen,Business Development,1975-07-11,1998-08-15
Sabine Hebson,Human Resources,1985-04-02,1992-11-24 18:52:53 UTC
Darcy Dummigan,Support,1985-03-29,1996-12-26
Donn Itzkovici,Sales,1980-04-01,1998-02-07
Juliana Wiz,Product Management,2015-09-01,2026-02-20 15:00:05 UTC
Holli Munehay,Research and Development,2004-05-01,2018-03-19 17:35:37 UTC
Mickie Schettini,Accounting,1977-03-07,2006-03-21
Wyatan Brosoli,Product Management,1986-11-03,1998-10-13
Bibbie Hector,Product Management,1982-02-23,1992-07-17
Sandy Dochon,Services,1970-09-17,1978-03-13
Chicky Jakoub,Services,1985-01-26,2018-08-08
Rivy Petrou,Human Resources,1972-02-20,1976-12-02
Petunia Sharple,Research and Development,2006-10-29,2007-07-22 21:26:14 UTC
Hakim Peffer,Product Management,1995-07-18,1999-05-18
Cristabel Goudard,Human Resources,2014-04-18,2048-12-22 18:03:08 UTC
Herschel Hellewell,Sales,1984-07-05,2016-07-30
Dory Rookledge,Services,2005-08-29,2015-12-05
Gertrudis Sedman,Services,2018-05-13,2064-06-21 09:25:17 UTC
Fredia Brussels,Legal,1971-10-01,1991-08-19
Bridie Itskovitz,Human Resources,2006-01-13,2013-12-19 18:38:01 UTC
Rycca McIntosh,Accounting,2016-05-30,2059-03-24 06:54:04 UTC
Francyne Sample,Services,1979-06-13,1980-03-05
Aidan Waleworke,Marketing,1970-08-21,2017-07-07
Nanine Lepope,Business Development,1973-05-23,2006-03-30
Odilia Kadar,Engineering,1995-01-28,2009-11-21
Kimbra Frend,Human Resources,2016-08-22,2033-11-04 19:44:52 UTC
Jenine Clow,Human Resources,2007-01-09,2011-06-26 13:24:09 UTC
Daile Munkton,Services,2010-03-31,2044-10-22 15:05:33 UTC
Rolfe Wight,Legal,1977-06-14,2007-10-14
Caron Kuzma,Accounting,1980-01-01,2014-11-27
Hillary Veronique,Engineering,2015-11-21,2047-09-04 17:45:48 UTC
Abey Thominga,Business Development,2009-08-25,2045-09-29 21:58:56 UTC
Ransom Etheridge,Services,1974-03-01,2006-04-18
Tracey Bea,Training,2004-03-11,2020-04-22 09:36:18 UTC
Mag Ciciotti,Services,1989-02-03,2003-03-06
Barde Colston,Business Development,1971-07-03,1979-03-24
Guy Sangwine,Product Management,1981-03-03,2009-06-14
Laurella Pyer,Sales,1970-12-31,2003-11-03
Halimeda Baile,Training,2002-07-02,2027-09-12 02:39:00 UTC
Melodie Benez,Training,1991-05-27,1998-04-18 10:00:49 UTC
Drucill Jessep,Sales,1996-04-05,1999-10-11
Kendre Randalston,Human Resources,1982-01-27,1991-09-23 11:57:14 UTC
Josephina Jeanenet,Training,2007-09-06,2010-02-22
Ulick Farquhar,Engineering,1973-02-07,2014-10-28
Fitzgerald Plaid,Legal,1986-04-08,2009-12-18
Jaquelyn De la Yglesia,Accounting,2010-08-07,2010-12-17
Shani Baggalley,Support,2002-01-24,2016-06-05 22:04:22 UTC
Mick Burtenshaw,Business Development,2018-09-07,2057-05-16 14:08:06 UTC
Cody Heggs,Training,1988-01-15,1992-01-15 04:30:19 UTC
Pauli Whyffen,Engineering,1974-12-25,1980-05-16
Corliss Ashbee,Business Development,1990-07-06,1993-05-12
Hobie De Carlo,Services,1987-10-09,1994-05-12
Carson Pashenkov,Product Management,2007-03-14,2014-02-13
Adriana Forde,Legal,2009-01-22,2019-10-25 17:21:58 UTC
Marisa Sabine,Sales,1996-12-05,2010-03-30
Fernandina Pennycook,Marketing,1985-10-04,2017-05-18
Loralyn Attwoull,Support,2015-06-03,2027-11-16 10:12:28 UTC
Jo-ann Temby,Sales,2013-09-24,2031-09-26 07:51:16 UTC
Korrie Troup,Business Development,1988-01-18,1996-07-31
Lyndsay Angeli,Sales,2009-01-23,2039-09-13 06:56:26 UTC
Sasha Scurr,Support,2005-01-17,2009-02-05
Siana Flagg,Human Resources,1996-08-27,2011-05-03
Fairleigh Grubey,Business Development,2012-01-17,2051-08-20 13:58:45 UTC
Craig MacAdam,Marketing,2016-01-21,2059-06-12 22:19:56 UTC
Nikki McCosh,Marketing,1970-08-24,2017-01-29
Amerigo Adelberg,Product Management,2000-01-12,2001-01-04 16:24:09 UTC
Ron Idiens,Training,1970-06-03,2007-12-03
Astrid Binney,Human Resources,1997-11-04,2000-02-14
Tandie Ide,Research and Development,1981-11-11,1985-12-26 09:37:01 UTC
Noble Mighele,Sales,2016-04-15,2039-03-14 12:59:02 UTC
