name,department,valid_from,valid_to
Melva Cogan,Training,2014-12-28 17:09:12,2018-05-17 17:05:44
Biddy Vickars,Research and Development,2016-12-10 11:20:52,2018-09-10 20:48:36
Eberto Suston,Engineering,2009-11-07 19:16:55,2018-05-21 04:32:01
Sarah Rudge,Legal,1981-06-12 05:00:36,2018-07-18 02:12:53
Ev Korpal,Business Development,2002-01-25 20:34:24,2018-06-14 01:36:13
Caryl New,Engineering,1987-06-24 16:43:15,2018-05-05 03:17:20
Grant A'field,Legal,1990-08-27 20:01:49,2018-06-25 00:23:02
Fawnia Stangoe,Services,2003-11-16 14:47:05,2018-07-12 04:08:38
Wilmar Vales,Training,2002-02-07 01:40:58,2018-07-21 05:41:32
Tracey Cokayne,Sales,1995-01-30 17:09:38,2018-05-16 22:03:53
Doralia Sudron,Marketing,1994-05-13 22:39:11,2018-03-11 10:55:36
Wayne Care,Accounting,2009-07-21 15:56:01,2017-12-29 10:33:02
Della Loody,Sales,2001-05-19 02:08:44,2017-10-12 04:19:16
Garwood Tift,Services,1983-01-14 14:27:09,2018-09-05 23:22:26
Rafael Gimblet,Research and Development,1980-04-23 22:36:10,2017-10-05 11:28:42
Ernestine Mein,Services,1976-01-17 09:07:16,2017-10-23 17:34:19
Misti Boles,Legal,1979-12-08 00:35:46,2018-08-11 14:51:43
Urban Snoding,Marketing,1986-01-01 15:05:58,2018-04-23 07:51:47
Jessalin Stigger,Accounting,1984-06-13 06:13:07,2018-05-04 05:52:16
Haroun Scolts,Services,1976-10-27 22:19:05,2018-03-16 18:50:49
Robbi Roxbrough,Product Management,1971-12-15 17:06:19,2018-08-01 21:09:50
Robert Shellcross,Marketing,2001-05-13 14:14:20,2017-11-13 08:16:02
Kean Wicklin,Legal,1987-02-05 05:55:42,2018-05-25 07:55:18
Leticia Siaskowski,Research and Development,1993-10-13 07:42:02,2018-06-22 10:01:20
Verina Martinson,Legal,1993-05-31 18:20:29,2018-06-15 12:10:44
Aurthur Ollenbuttel,Legal,2013-11-28 04:57:28,2018-06-11 21:35:27
Noel MacDermid,Sales,2004-10-06 16:27:28,2018-05-13 13:42:41
Killie Pinkerton,Services,2007-03-09 11:57:51,2018-03-09 21:29:54
Linc Dzenisenka,Services,1981-09-17 01:38:10,2018-06-13 21:42:50
Harmon Tremathack,Product Management,1977-05-24 04:04:31,2018-03-06 22:34:11
Jany Stile,Legal,1989-07-26 18:42:08,2018-01-22 17:46:06
Hewe O'Monahan,Marketing,1987-03-06 18:31:33,2017-11-16 08:55:04
Elsie Chrestien,Sales,2001-02-06 22:48:49,2018-07-20 01:23:22
Jessie Buttriss,Sales,1995-08-30 11:36:57,2018-05-28 20:46:43
Daryle Vost,Business Development,2005-06-01 20:53:57,2018-08-29 01:56:27
Dede Beetlestone,Sales,2007-03-25 18:55:16,2017-11-07 00:41:30
Cobby Bowcock,Business Development,2015-04-25 16:57:26,2018-10-01 15:09:22
Shellie Holdey,Product Management,2001-05-14 16:39:13,2018-02-26 08:03:30
Joni Pollastrone,Legal,1982-07-28 08:10:47,2018-06-25 01:54:48
Dorette Carless,Engineering,2011-06-30 11:26:13,2017-10-25 00:03:57
Austin Widmoor,Product Management,1983-05-04 08:00:35,2018-03-07 05:22:34
Meryl Petroulis,Legal,1972-06-06 00:45:07,2018-09-08 05:33:14
Michaella Greetland,Sales,1999-05-18 15:19:01,2018-09-30 01:04:27
Catlaina Leyton,Sales,2013-01-24 08:15:58,2018-08-28 09:53:26
Marc McWhan,Accounting,2011-12-18 19:46:10,2017-10-20 18:49:49
Rodd McQuaide,Support,1976-06-05 19:25:46,2018-08-04 11:13:28
Claude Bosson,Human Resources,2005-07-29 16:26:02,2018-04-03 14:35:07
Etheline Rudge,Support,2018-08-15 21:20:53,2018-09-09 00:53:08
Nicolle Gorman,Training,2003-02-01 13:50:15,2018-01-09 00:16:59
Deonne Huckell,Training,2011-03-15 00:45:35,2018-06-27 18:42:29
Charline Wickens,Research and Development,2018-07-30 00:18:25,2032-04-27 09:00:33 UTC
Kenyon Boich,Business Development,2001-07-23 00:12:00,2018-05-04 18:25:34
Barnabas Karys,Human Resources,1973-09-11 20:24:40,2018-01-31 23:27:58
Ludovico Baudin,Research and Development,1982-02-13 08:30:16,2017-11-03 17:22:40
Urbain Potzold,Accounting,1980-01-13 15:59:42,2018-06-18 04:00:07
Dennison Tabour,Support,1994-02-09 11:20:25,2018-04-15 17:27:18
Horatio Ludye,Marketing,1982-09-04 19:04:03,2018-04-19 00:33:36
Arnoldo Radley,Human Resources,1986-12-17 19:44:17,2018-08-30 15:38:32
Reagan Essery,Human Resources,1985-06-05 23:17:04,2018-08-03 08:43:54
Ellis Yemm,Legal,1999-12-12 15:22:22,2018-01-17 02:42:49
Roxi Longson,Research and Development,1989-11-16 08:52:53,2018-08-27 17:30:58
Isabelle Swanton,Sales,1985-05-08 03:17:31,2018-01-11 00:15:23
Flemming Youel,Legal,2007-07-10 11:04:43,2018-08-03 18:11:28
Sigrid Willwood,Support,1991-09-06 15:15:37,2017-11-07 08:58:10
Carlie Freed,Sales,1990-02-22 03:24:47,2018-01-31 08:54:04
Jillene Kaman,Services,2005-11-09 18:11:20,2017-12-23 13:06:14
Robinia Gierardi,Human Resources,1970-11-26 05:29:06,2018-04-09 10:14:26
Cece Plumstead,Sales,1974-04-21 01:54:12,2017-12-28 15:20:21
Tedman Coatts,Support,1970-08-07 07:32:04,2018-09-15 18:38:00
Walther Sangra,Human Resources,1995-05-08 06:55:53,2018-03-25 07:38:59
Lenette D'Costa,Product Management,1976-03-17 20:49:13,2018-06-21 01:58:40
Arnold Hartington,Sales,1990-03-23 23:53:48,2018-01-27 03:53:45
Sidoney Levine,Legal,2009-11-13 13:20:32,2018-06-17 08:06:21
Edlin Bottrell,Sales,1984-11-17 18:23:12,2018-05-24 09:40:51
Leonora Reaper,Human Resources,2004-07-29 05:59:00,2018-06-02 17:22:44
Una Furney,Legal,2008-06-26 13:53:48,2018-06-12 19:37:16
Lutero Rowsell,Marketing,1986-04-12 07:58:15,2018-04-28 12:38:54
Quintana Hemstead,Engineering,1986-01-14 02:42:59,2017-10-05 06:58:46
Hurleigh Sallan,Research and Development,1995-03-16 16:01:14,2018-07-16 20:53:09
Howey Henderson,Marketing,1989-10-02 20:06:58,2018-04-21 08:13:17
Benedicto Sharpin,Accounting,1991-03-15 08:05:49,2018-04-18 04:44:56
Aila Nobes,Services,2007-09-24 13:40:45,2018-02-09 05:31:45
Clara Radden,Engineering,1976-06-12 01:24:49,2018-05-19 05:46:58
Edythe Fiveash,Training,1996-10-20 01:52:54,2018-07-22 01:21:55
Randi Semour,Accounting,1983-01-16 21:18:18,2017-11-02 01:43:06
Gradey Maraga,Research and Development,2011-02-01 15:43:17,2018-02-05 15:26:13
Michaella Casaroli,Business Development,2012-01-22 17:07:15,2017-11-03 22:26:47
Obadias Debrick,Business Development,1982-12-01 12:17:13,2018-08-18 12:56:33
Daron Roubay,Business Development,1999-07-22 07:28:10,2018-05-17 08:12:25
Lucian Braffington,Support,2002-05-29 21:16:48,2018-07-03 00:24:56
Odilia Rossborough,Human Resources,2017-11-22 08:37:15,2018-08-27 09:45:58
Katharina Shropsheir,Marketing,1997-08-22 21:14:02,2017-11-02 20:55:03
Stephi Ivoshin,Research and Development,1991-12-04 03:30:12,2018-01-19 11:24:21
Errick Eyer,Marketing,2000-05-22 11:31:18,2018-07-12 02:58:41
Ki Jelk,Engineering,1973-11-06 10:31:07,2017-11-11 04:12:48
Hyman Gallienne,Human Resources,1974-07-13 18:18:44,2017-11-07 12:27:29
Kenyon Lyven,Accounting,1993-01-09 00:52:06,2018-05-29 23:16:50
Byrom Tungate,Business Development,2000-08-24 20:06:11,2018-09-28 00:46:52
La verne Lyfield,Human Resources,1987-03-30 12:20:28,2018-06-13 16:47:45
Holly Smetoun,Sales,2016-11-09 03:04:51,2018-03-18 09:39:29
Harry Cisec,Human Resources,2000-10-27 13:30:41,2018-06-29 04:15:25
Ansley Jewers,Research and Development,2007-06-09 11:55:19,2018-05-27 11:51:15
Toddie Darkins,Product Management,1996-01-13 16:13:47,2017-12-02 05:48:16
Ronalda Yoell,Engineering,1992-08-26 08:40:43,2018-03-04 00:53:19
Sabina Camerana,Support,2005-12-04 20:52:27,2018-03-05 06:17:53
Kit Lacy,Legal,1999-12-09 14:47:25,2018-07-26 12:59:08
Maddi Torbard,Training,2001-11-21 10:31:33,2017-11-20 14:41:50
Sada Goldis,Business Development,1981-02-05 18:13:01,2018-03-12 21:52:56
Emeline Kits,Engineering,2010-04-26 04:01:01,2018-09-17 14:09:27
Rhetta Trumpeter,Human Resources,1982-08-12 09:58:36,2018-05-18 13:34:34
Delcina Thwaite,Engineering,2014-04-07 16:13:11,2018-07-24 21:59:19
Helaina Fronks,Human Resources,1991-02-15 13:27:46,2018-06-10 08:11:41
Jorie Mountain,Legal,1979-12-09 22:13:42,2018-08-12 07:04:26
Yolanda Twidale,Sales,1986-08-09 19:45:06,2017-10-25 10:56:14
Vinnie Balloch,Legal,1973-05-05 19:27:28,2018-05-28 07:47:19
Sheridan Heberden,Sales,1983-07-02 02:27:28,2018-08-06 18:43:08
Shaun Merriott,Business Development,1994-09-24 07:33:04,2018-03-29 00:04:41
Aurore Durston,Marketing,1972-10-26 06:50:07,2017-11-19 08:06:17
Darn Tomicki,Engineering,2016-11-26 14:50:45,2018-01-01 13:10:08
Shantee Rosthorn,Sales,1999-10-12 09:12:03,2018-05-30 22:27:46
Cinderella Eddoes,Research and Development,2012-10-19 12:06:41,2018-04-29 04:52:59
Milo Arias,Training,1987-04-01 20:41:20,2018-06-09 05:15:02
Bernadette Orme,Engineering,2008-08-05 04:07:45,2018-06-01 17:40:53
Claribel Stoate,Support,1970-10-23 10:32:57,2018-01-13 08:48:53
Dasi St Clair,Human Resources,2004-07-10 17:55:58,2018-03-20 06:48:05
Seward More,Product Management,1993-07-24 18:18:56,2018-06-19 17:23:52
Pandora Hendron,Legal,1986-01-11 07:03:42,2018-03-27 15:29:11
Correy Struan,Business Development,1987-01-15 17:49:57,2017-11-12 20:22:27
Denny McClurg,Marketing,2015-11-09 19:44:46,2017-12-07 21:57:45
Putnam Marchand,Training,2014-04-06 11:41:55,2018-09-22 07:10:30
Tito Vasyunkin,Product Management,2008-02-03 06:34:53,2018-04-10 20:36:11
Lissy Jumeau,Accounting,1997-02-02 05:21:59,2018-06-10 00:11:55
Herbie Gideon,Human Resources,2000-08-01 23:02:47,2018-02-25 15:29:58
Mick Cund,Product Management,1976-09-02 09:00:47,2017-11-04 16:19:53
Malvina Nockolds,Sales,2001-09-21 21:09:22,2017-11-24 13:49:11
Adeline Rings,Engineering,2007-04-28 04:29:46,2017-11-09 08:25:26
Igor Faudrie,Accounting,2008-12-28 06:33:40,2018-07-12 15:41:51
Jacquette Habden,Engineering,2008-08-15 03:42:22,2018-01-09 15:38:05
Allegra Pallant,Sales,1989-06-19 03:52:23,2017-11-13 20:59:03
Umeko Boydell,Sales,2015-01-15 12:29:35,2017-10-28 13:04:38
Karleen Hyder,Marketing,1998-07-11 19:24:34,2018-10-02 17:28:31
Felice Cadwell,Training,2013-04-14 23:54:07,2018-08-27 18:22:21
Locke Jirousek,Support,2010-08-24 17:08:54,2017-12-06 10:23:44
Andria Joskowicz,Engineering,1980-03-04 22:21:29,2017-12-25 04:23:22
Hashim Crab,Research and Development,1989-03-29 03:58:53,2018-04-24 18:08:26
Giovanni Doey,Training,2006-07-03 12:59:50,2018-08-22 06:47:39
Peria Marl,Research and Development,1973-07-01 12:57:05,2018-08-18 06:00:32
Gabby Argent,Marketing,1994-04-30 07:33:32,2018-02-19 08:00:15
Moria Mepsted,Business Development,2005-09-18 00:37:31,2017-10-25 19:44:31
Lurleen Rengger,Services,1988-07-30 01:30:06,2018-03-02 07:21:33
Thomasin Annott,Product Management,1993-09-07 00:28:30,2018-07-19 19:04:38
Marin Southouse,Legal,1999-02-09 22:01:33,2018-09-11 07:32:24
Laurella Yockley,Marketing,1988-02-29 18:11:06,2018-05-05 22:21:41
Patty Petyt,Research and Development,1983-04-28 14:48:54,2018-07-08 02:01:23
Gertrudis Scare,Accounting,1994-11-22 13:47:56,2018-05-15 12:15:10
Emery Lyford,Training,1976-11-30 16:40:09,2018-02-11 11:06:12
Clemmy Moresby,Sales,2010-03-13 08:02:37,2018-08-04 03:58:56
Christoper Gorry,Human Resources,1995-03-09 20:02:21,2018-01-12 01:57:49
Quinlan McCallam,Support,2003-10-25 22:05:02,2017-11-18 10:41:30
Gaynor Gockelen,Business Development,1972-05-03 21:11:40,2018-01-18 16:49:40
Sarena Coneybeare,Services,2005-03-11 19:09:03,2018-10-01 17:30:22
Susanetta Strode,Business Development,2013-05-18 23:38:06,2018-04-18 16:07:04
Christi Rogers,Product Management,1985-11-06 21:07:06,2017-11-23 13:34:35
Maegan Antonin,Engineering,1991-08-24 20:42:01,2018-02-12 09:53:58
Kelsy Pirrie,Product Management,1976-04-18 23:14:49,2018-02-01 09:49:27
Shepperd Curreen,Accounting,1980-07-12 15:03:29,2018-06-27 02:13:13
Darcee Cardozo,Legal,1973-10-07 03:36:39,2018-01-01 08:38:53
Ardenia Van der Merwe,Sales,1974-04-23 16:29:46,2017-11-06 05:31:01
Montgomery Beamish,Support,1992-07-27 06:32:29,2018-06-16 16:49:43
Sarette MacAskie,Research and Development,2001-12-25 06:56:31,2017-11-06 07:16:28
Allianora Sedcole,Services,1980-05-30 02:22:48,2018-06-21 15:34:32
Liva Mayhow,Services,1988-06-08 05:13:12,2018-07-16 15:47:01
Alvina Mapledorum,Research and Development,2018-01-02 06:59:20,2018-03-27 11:03:05
Bella Bennit,Research and Development,2007-07-16 16:27:54,2017-10-31 04:16:36
Wileen Fruish,Sales,1993-06-11 08:12:38,2018-01-13 19:25:31
D'arcy Hearl,Services,1976-05-24 00:53:34,2017-10-03 21:07:24
Stace Riglesford,Training,1991-01-04 12:38:48,2018-05-30 09:36:05
Boigie Feveryear,Business Development,1970-08-16 17:10:48,2018-03-19 11:25:07
Lorrin Creedland,Engineering,1972-04-06 17:38:12,2018-07-29 08:25:18
Vlad Flay,Engineering,1975-08-21 08:39:50,2017-11-29 10:07:14
Justen Sherrocks,Human Resources,1983-11-20 22:04:46,2018-07-08 04:42:53
Amaleta Prendergast,Business Development,1999-07-30 14:10:50,2018-03-09 22:57:49
Debi Salaman,Research and Development,2007-01-31 17:38:27,2018-09-01 16:33:37
Ulysses Pfaffe,Marketing,2001-07-27 05:23:52,2017-11-01 10:37:27
Johan Anelay,Marketing,2003-12-17 20:39:05,2018-05-05 16:28:40
Rourke O'Reilly,Support,2007-05-27 12:26:20,2018-05-09 05:06:46
Charlena Fantini,Sales,1978-08-01 15:22:39,2018-02-28 17:54:10
Cloris Beaton,Marketing,1981-09-19 00:24:02,2017-11-21 11:45:42
Rivkah Ioan,Human Resources,1995-12-22 14:06:13,2017-12-08 01:43:26
Georgeta Kulvear,Business Development,1975-02-27 13:04:40,2018-08-01 04:22:22
Hillyer Rivel,Product Management,1992-01-20 08:10:10,2018-04-17 07:57:09
Britt Carmen,Engineering,2013-07-24 05:36:56,2018-07-23 21:11:25
Kellina Truswell,Support,2017-01-06 00:56:41,2018-03-30 17:13:22
Tammie Simper,Sales,1990-12-12 02:47:43,2017-12-17 16:25:38
Royall Rudall,Legal,1972-11-29 04:08:51,2018-02-05 03:58:42
Osmond Huggin,Training,2012-09-18 07:15:55,2017-12-21 14:01:10
Flint Caser,Services,1996-02-05 06:10:56,2018-02-23 13:03:18
Melissa Kleynen,Marketing,1973-04-27 03:50:08,2018-06-01 09:44:14
Miguel Dekeyser,Legal,2016-08-25 19:42:40,2017-12-18 17:23:19
Brandise Paylor,Legal,1973-04-21 23:09:34,2018-08-05 09:33:40
Pamella Darnborough,Product Management,2008-03-26 22:39:24,2017-11-17 16:15:32
Gabbey Del Castello,Product Management,1988-02-14 14:24:05,2018-06-06 03:05:48
Alyson Adamowitz,Marketing,2001-03-27 09:56:57,2018-04-30 15:21:01
Richart Goreisr,Research and Development,1989-03-08 21:13:24,2017-11-02 04:43:37
Arlan Ralston,Marketing,1991-07-21 22:00:33,2017-11-19 01:30:14
Kingston Linthead,Human Resources,2013-08-31 20:02:13,2018-02-09 23:05:40
Blair Springett,Training,1980-07-23 21:34:12,2018-07-21 20:07:22
Cortney Goneau,Support,1979-11-06 00:54:13,2018-03-02 07:22:53
Myrtle Pruvost,Sales,2014-06-15 23:38:13,2018-03-27 10:47:59
Caddric McGann,Product Management,2014-02-19 17:25:10,2018-03-18 06:46:26
Edd Heys,Human Resources,1998-07-06 17:25:52,2017-12-12 04:58:47
Liam Sneezum,Accounting,1988-11-27 00:23:11,2018-04-22 16:51:42
Hayley Upsale,Sales,2003-08-26 05:45:32,2018-08-08 13:25:08
Cybill Cuchey,Research and Development,2007-08-05 20:13:04,2018-09-19 12:09:30
Stacie Goater,Human Resources,1988-01-04 21:01:13,2017-10-28 09:28:45
Annelise Libbe,Legal,1997-10-28 06:50:58,2017-12-14 04:04:21
Bernetta Heak,Support,1977-04-22 01:30:57,2018-05-30 07:50:45
Wenona Adamski,Research and Development,1991-07-13 15:11:12,2018-08-29 19:28:41
Stanwood Kubek,Business Development,1987-10-05 22:04:52,2018-03-25 08:49:39
Curtice Rimer,Training,1985-01-10 19:41:05,2018-02-17 01:12:07
Quincey Fleming,Human Resources,1992-03-20 01:14:21,2017-10-06 01:37:32
Iona Burfitt,Services,1975-07-08 18:36:36,2018-03-21 03:29:37
Hastie Fanti,Sales,2018-03-24 03:03:01,2018-04-15 18:23:10
Wood Iczokvitz,Accounting,2008-06-19 04:45:04,2018-08-09 08:00:58
Rorke Crosse,Research and Development,1972-03-10 20:13:44,2018-06-12 05:50:32
Gil Fuentes,Support,2003-06-01 02:46:02,2018-03-24 15:45:41
Isador Ticic,Product Management,1981-01-18 02:13:05,2018-09-02 05:27:46
Josephina Overlow,Business Development,2002-08-30 10:08:12,2018-09-14 11:30:20
Starlin Sabater,Marketing,1975-05-18 12:09:50,2018-09-28 13:24:27
Carole Lorence,Human Resources,2011-06-02 19:17:42,2018-04-09 15:24:50
Jacky Willmore,Engineering,2003-04-09 09:38:14,2017-12-21 01:31:08
Rawley Winser,Engineering,2007-05-26 09:30:37,2017-10-03 09:10:27
Allina Guyver,Human Resources,2012-03-27 20:40:26,2018-06-22 19:46:39
Sigrid Castelot,Services,1989-10-25 06:54:14,2018-06-17 01:41:18
Stanley Nangle,Training,1993-09-03 02:29:28,2018-02-23 15:25:39
Saidee Hardington,Accounting,2007-04-29 22:38:51,2017-10-15 06:39:13
Katalin Govern,Support,2015-06-22 13:29:44,2018-03-15 01:28:52
Gayleen Bourdas,Marketing,1984-07-13 12:33:13,2018-04-20 02:38:17
Connor Daoust,Engineering,1982-12-06 18:52:28,2018-06-12 04:19:59
Sibel Nears,Business Development,1976-12-09 02:08:30,2017-11-05 07:50:21
Lonnie Harvatt,Services,2014-06-03 18:49:50,2018-04-24 08:22:08
Filippa Chiplin,Training,2007-08-25 18:03:26,2018-06-15 10:59:18
Darnall Theis,Marketing,1984-03-21 02:44:31,2018-08-08 09:43:34
Shawnee Horsted,Product Management,2001-03-21 02:21:17,2018-09-04 21:03:01
Vivyanne Plews,Engineering,1975-09-22 17:18:54,2018-03-12 01:35:34
Yvon Colquyte,Engineering,1986-10-02 06:34:50,2018-06-17 23:18:30
Raddie Waring,Marketing,1993-09-11 18:59:40,2018-04-14 14:33:44
Marita Rugieri,Business Development,1996-02-06 11:40:12,2018-06-06 17:49:33
Florence Van der Daal,Support,2004-07-21 02:45:28,2018-05-17 00:21:54
Kristal Lavalde,Product Management,1993-10-03 15:22:52,2018-04-17 05:16:31
Antony Medwell,Marketing,1982-01-29 16:51:15,2018-03-19 07:47:12
Justinian Wernham,Research and Development,1983-09-01 15:10:53,2018-04-26 21:07:43
Vi Blay,Legal,1980-04-16 14:57:40,2017-11-27 16:45:10
Myrtie Jacketts,Support,2014-01-03 13:55:35,2018-03-24 17:20:23
Erminia Haugh,Product Management,1991-01-26 18:53:21,2018-09-27 08:06:05
Gipsy Lillford,Human Resources,2006-11-18 15:39:09,2018-05-06 00:53:26
Padgett Dymick,Engineering,2016-03-21 11:48:13,2018-06-18 15:40:42
Amargo Rouse,Accounting,1986-04-17 18:54:12,2018-08-22 17:25:39
Penrod MacNeil,Product Management,1987-08-25 15:28:05,2017-12-16 11:34:26
Antonio Graves,Sales,1986-05-01 01:31:13,2018-01-15 11:30:51
Granthem Bellelli,Legal,1997-01-19 13:23:44,2018-07-29 20:37:48
Clarance Fundell,Accounting,1978-01-13 09:22:45,2018-05-14 21:21:42
Stanfield Dimitrov,Human Resources,2018-03-29 23:31:03,2018-07-20 11:59:27
Cacilie McComiskie,Business Development,2015-11-27 10:43:33,2018-09-05 18:24:04
Daryl Goligly,Business Development,1994-12-04 20:25:56,2018-09-03 23:26:34
Melvyn McMickan,Business Development,1974-08-22 04:28:56,2018-07-16 17:32:36
Rafaelita Algate,Legal,1971-08-27 06:44:18,2018-02-25 17:59:55
Lazarus Antowski,Research and Development,1995-12-19 16:29:05,2017-12-15 16:43:14
Jere Skures,Product Management,1972-11-27 01:32:51,2018-03-14 07:08:19
Leighton Methringham,Business Development,1992-07-27 15:25:35,2018-01-06 12:37:45
Winn Palfrey,Legal,2014-01-09 10:08:27,2018-03-15 08:45:56
Hinze Louys,Sales,1972-08-06 02:59:08,2018-01-06 13:49:15
Sybila Armatidge,Human Resources,1970-08-05 12:45:50,2018-04-22 10:36:14
Gustave Paterno,Services,2010-07-18 03:10:05,2017-12-18 15:13:03
Bria Spaxman,Human Resources,2014-09-07 12:37:35,2018-03-30 01:06:45
Fifine Dargan,Training,1979-02-21 12:43:05,2018-07-13 23:56:36
Aube Gurry,Research and Development,1999-07-28 19:41:35,2018-04-20 01:44:13
Gussie Handling,Accounting,1987-10-04 09:38:53,2018-05-12 19:35:48
Nadeen Godthaab,Human Resources,1983-08-22 21:38:14,2018-07-28 23:52:12
Demetria Cristofano,Accounting,1976-04-04 19:39:02,2018-04-30 10:40:02
Tiphanie Chaffyn,Accounting,2006-12-19 10:51:05,2018-06-02 20:21:38
Vivi Stede,Services,1994-12-25 07:38:54,2017-12-08 07:51:39
Amber Attenborrow,Accounting,1986-11-07 06:02:59,2018-08-10 12:45:55
Nertie Baudinelli,Services,2014-09-08 12:13:56,2018-03-04 14:51:10
Donaugh Bunyan,Engineering,2007-05-17 23:51:20,2018-01-22 21:46:26
Bealle Patinkin,Sales,1975-06-05 06:41:37,2018-07-13 17:48:08
Theresa Goozee,Support,1971-07-02 05:07:24,2017-10-23 06:08:01
Tina Cabel,Human Resources,1989-07-09 04:19:42,2018-05-06 03:56:20
Jacquelynn Enterlein,Marketing,1971-10-09 13:05:51,2017-10-15 13:41:55
Mary Walenta,Marketing,1973-10-19 23:54:23,2018-04-26 05:56:37
Reilly Stiant,Marketing,2002-05-30 10:44:07,2017-11-12 13:42:23
Fayth Folini,Engineering,1999-09-29 09:58:29,2018-03-16 03:32:27
Wren Rhead,Product Management,2000-10-07 16:25:55,2018-02-11 18:53:26
Bram Erni,Product Management,1987-12-03 03:05:32,2017-10-17 21:14:59
Rodge Dowers,Product Management,1988-12-28 11:27:54,2017-11-22 18:05:35
Gannon Spyer,Support,2000-09-06 09:37:54,2018-01-29 09:44:27
Jennica Frotton,Human Resources,1977-04-20 05:40:23,2017-10-14 17:23:34
Jacques Barszczewski,Business Development,1995-10-03 22:04:15,2017-10-27 10:37:51
Gerick Calverd,Training,2016-05-07 14:56:58,2018-06-26 13:57:55
Jerry Pickring,Training,1987-02-13 19:29:01,2018-05-02 19:17:08
Fredek Dungate,Support,1999-02-10 21:02:28,2018-07-20 06:14:51
Serena Acum,Legal,2004-04-25 17:03:52,2018-01-19 07:43:38
Kele Riall,Business Development,1978-06-22 00:46:18,2018-04-01 23:22:12
Larine Doxey,Product Management,1973-08-04 14:58:57,2017-11-29 15:43:41
Reba Sapp,Engineering,1981-02-06 16:50:01,2018-04-02 10:30:10
Nolly Lightning,Training,1990-10-14 16:08:18,2018-02-22 07:12:12
Orly Menhenitt,Research and Development,2006-04-06 21:27:33,2018-04-02 07:58:21
Falkner Sappson,Human Resources,1984-12-22 04:16:17,2018-01-14 09:25:44
Mela Blaxland,Training,1970-10-29 21:23:40,2017-11-22 07:42:09
Fabien Bowcher,Support,1992-02-23 07:38:40,2017-10-28 14:23:22
Neddy Arnao,Human Resources,1988-09-05 16:50:47,2018-08-14 00:44:55
Dotti Turbayne,Training,2010-06-23 01:43:28,2018-07-18 19:32:24
Carlo Pitrelli,Accounting,1992-07-07 14:25:03,2018-01-10 02:26:25
Felisha Antoinet,Engineering,2003-01-22 03:47:07,2018-06-03 12:04:44
Lesya Boddington,Accounting,2017-11-17 09:44:42,2025-10-12 22:25:24 UTC
Inessa A'Barrow,Support,1990-01-28 05:06:11,2018-01-18 03:59:21
Row Kindon,Product Management,1974-01-01 20:25:10,2017-11-11 10:54:14
Mildred Fridaye,Human Resources,2008-04-16 23:53:31,2018-06-01 12:55:19
Aldo Northcliffe,Training,1983-10-31 14:21:20,2018-08-11 17:19:44
Edythe Frosch,Accounting,2006-09-11 09:59:32,2018-04-10 14:23:49
Sibeal Trappe,Business Development,2012-10-03 22:26:38,2018-02-10 21:43:26
Bruis Gergher,Sales,2001-05-16 11:08:18,2018-06-11 00:36:10
Earlie Wingeatt,Marketing,2009-05-17 22:20:08,2018-09-30 14:11:50
Dalston Trinbey,Human Resources,2012-07-21 10:22:58,2018-02-20 00:01:31
Ediva Aleksankov,Research and Development,1993-04-17 14:44:09,2018-08-23 16:11:00
Dick Gilbride,Human Resources,1976-09-05 11:47:19,2018-04-25 22:27:33
Bernette Heugel,Research and Development,1987-05-09 18:36:56,2017-10-29 14:47:16
Lacey Luppitt,Marketing,1993-10-17 16:41:37,2017-11-12 06:49:39
Garrek Moors,Services,1996-04-15 18:47:28,2017-11-10 20:26:03
Karine Yoell,Sales,2003-08-30 14:44:57,2017-10-30 22:49:50
Lanni Attack,Support,1977-03-10 15:07:42,2018-07-11 23:05:47
Noble Errett,Sales,1985-03-15 02:05:55,2018-04-22 04:39:18
Savina Svanini,Accounting,1994-06-11 01:25:56,2017-10-23 03:38:55
Tanitansy Tevlin,Business Development,2011-01-13 16:10:01,2017-11-12 18:51:54
Mordecai Rawood,Human Resources,1997-12-17 12:37:45,2017-10-24 14:19:15
Ashby Dymock,Research and Development,2017-02-19 02:08:57,2018-01-07 15:25:21
Giuditta Oldred,Marketing,1996-07-06 10:47:55,2018-01-30 01:49:44
Rollie Binfield,Support,1990-06-08 02:08:42,2017-11-05 19:15:40
Jillian Aubert,Engineering,2018-07-29 11:17:24,2042-01-19 07:14:26 UTC
Sherlocke Hedger,Human Resources,1985-04-07 10:19:02,2018-06-15 15:40:56
Marnia Woolager,Engineering,2018-07-21 09:40:16,2047-12-09 13:53:32 UTC
Ryon Frankton,Training,2007-12-29 19:03:43,2017-10-19 13:56:02
Duff Bailes,Sales,1995-12-28 02:56:35,2017-10-06 05:42:59
Danell Leechman,Product Management,1992-12-03 14:09:48,2018-05-30 12:37:42
Wood Zaple,Training,1975-06-03 04:06:19,2018-03-13 12:25:19
Annmarie Rossiter,Training,1984-03-30 12:46:55,2018-08-15 14:16:02
Vinni Scading,Engineering,1977-09-26 20:55:42,2018-06-17 19:47:53
Fields Carvilla,Business Development,2007-06-18 02:15:33,2018-03-05 22:30:25
Leela Whiten,Training,2013-01-27 22:32:09,2018-09-03 10:58:33
Paloma Dimitrie,Marketing,1987-02-22 04:35:37,2018-04-14 21:31:59
Bryce Dovey,Training,2003-06-09 15:20:00,2018-08-10 12:08:36
Jermaine Dran,Product Management,1970-09-24 11:16:35,2018-08-27 13:34:34
Nicolette Yelden,Sales,1992-04-01 01:33:01,2018-09-02 10:27:02
Wolfgang Garth,Business Development,2010-06-15 02:41:20,2018-03-30 21:20:06
Josh Berzen,Engineering,1993-12-19 18:45:11,2017-12-28 01:10:41
Mandi Stannislawski,Services,2012-08-21 01:05:04,2017-12-20 04:05:55
Culley Rudgard,Training,2012-06-10 16:26:53,2018-09-07 23:18:15
Milton Colicot,Business Development,1993-07-17 20:27:50,2018-09-25 22:34:02
Hervey Crowcombe,Legal,1979-11-18 02:04:45,2018-07-09 01:14:07
Cordelia Stitfall,Accounting,1995-05-15 16:22:54,2018-05-22 19:10:15
Lockwood Celle,Business Development,2015-12-16 17:14:46,2018-07-19 19:59:31
Joni Brabin,Engineering,1996-01-15 10:41:52,2018-04-01 08:22:16
Juieta Franzotto,Sales,2017-05-29 06:13:20,2018-03-01 00:35:00
Bernita Cartner,Legal,1984-12-06 07:44:43,2018-08-14 20:16:59
Lurette Stitfall,Human Resources,1974-02-03 20:02:01,2018-07-06 23:04:27
Ugo Van den Oord,Support,1995-10-07 17:33:51,2018-08-13 16:23:58
Barry Ruppert,Engineering,2001-10-09 14:01:17,2018-06-13 16:50:27
Anselma Schoffler,Human Resources,1990-12-31 21:25:22,2018-08-29 07:38:38
Jeannine O'Boyle,Services,1983-05-27 14:44:54,2018-01-14 06:46:01
Latia Clyburn,Human Resources,1991-04-04 11:02:10,2017-11-21 20:49:03
Livvie Cristofolini,Engineering,1999-02-15 04:20:13,2018-08-21 03:09:39
Leigh Darrington,Support,1983-03-18 09:04:34,2017-10-22 18:35:03
Neddy Van der Baaren,Legal,2000-06-21 10:21:31,2018-09-21 01:43:50
Giffy Goldman,Marketing,1985-04-26 12:16:50,2018-07-15 09:41:08
Stace Feldheim,Product Management,1987-06-06 08:00:12,2018-07-08 21:49:37
Domini Sandeson,Accounting,1987-11-09 15:41:47,2017-10-15 10:44:20
Riccardo Tebbett,Training,1981-04-08 21:29:44,2018-06-09 07:03:04
Elie Slowan,Research and Development,1987-02-02 21:02:58,2017-12-05 23:15:18
Jobye Normabell,Accounting,1980-12-27 02:46:49,2018-09-04 19:40:49
Arv Lawlee,Support,1996-12-03 10:48:02,2018-03-08 18:44:54
Anestassia Tills,Accounting,1983-09-23 19:02:53,2018-03-10 12:05:53
Carmela Cess,Business Development,1992-02-18 11:44:02,2018-06-13 23:06:33
Ludovico Gelsthorpe,Product Management,1990-10-16 08:06:14,2018-08-15 10:39:50
Sauveur Tickner,Human Resources,2017-06-28 17:38:21,2018-01-06 04:48:34
Kiah Dossetter,Product Management,1992-04-14 07:34:12,2017-10-15 23:38:58
Rossie Hoyt,Human Resources,1972-10-25 16:05:11,2018-07-17 16:01:33
Morgen Benedyktowicz,Marketing,1973-04-25 02:45:02,2018-07-10 19:33:30
Nara Lipson,Sales,2001-06-19 05:53:10,2018-09-20 08:29:09
Harriott Britten,Sales,1994-01-12 00:39:42,2018-06-06 03:38:37
Walker Cassell,Accounting,1991-12-01 07:13:03,2018-01-05 15:38:43
Linnet O'Loughnan,Support,1996-10-05 18:09:28,2018-04-08 03:15:30
Terrijo Pantridge,Human Resources,2007-03-28 15:41:37,2018-01-01 10:54:58
Camella Kettlewell,Services,1992-06-19 01:45:30,2018-03-16 01:34:56
Harrietta MacTrustrie,Research and Development,1979-03-04 17:44:01,2018-06-04 20:22:25
Shaylynn Beevors,Product Management,1975-03-01 07:48:09,2018-06-30 10:02:09
Maure Pesterfield,Research and Development,2017-08-25 06:58:40,2018-07-24 21:51:31
Delmore Sleightholme,Support,1979-04-07 01:15:52,2018-05-30 23:02:28
Lynn Heliar,Human Resources,1983-09-14 01:27:53,2017-11-02 02:00:29
Ludwig Silvermann,Sales,1986-05-13 08:35:21,2018-08-06 02:23:00
Orville Stonall,Product Management,1986-04-10 14:59:59,2018-06-01 10:02:52
Jeralee Stutte,Sales,1974-12-30 14:56:41,2018-08-09 04:48:35
Judon Makinson,Sales,1995-06-04 03:54:35,2018-09-22 07:39:30
Sarena Snooks,Services,2002-02-15 22:42:37,2018-08-27 08:18:38
Ansley Jeduch,Accounting,1978-03-10 07:05:23,2018-08-14 19:29:51
Lilyan Maton,Engineering,1990-07-25 06:47:31,2018-08-09 05:47:08
Brunhilde Scally,Product Management,1994-11-29 21:17:44,2018-03-31 08:29:43
Kalie Northill,Product Management,1989-09-24 10:57:48,2018-04-05 20:26:31
Susy Hagard,Training,1992-04-03 21:47:37,2018-02-17 04:05:01
Franni Hansemann,Services,2010-09-16 08:59:04,2018-05-21 12:44:50
Jacquenetta Gouck,Services,1982-07-09 20:31:31,2018-01-25 15:33:00
Ethan Sheering,Business Development,1993-04-30 01:21:45,2018-09-26 02:09:45
Dee dee Jakubovics,Marketing,2003-09-12 09:41:53,2018-05-26 02:53:19
Valenka Flatman,Sales,2018-01-13 07:35:46,2019-06-28 12:04:26 UTC
Putnem Collyer,Engineering,2010-11-26 03:58:01,2018-09-30 22:37:28
Jaimie Youhill,Legal,2002-05-13 02:11:59,2018-06-24 14:44:53
Stefano Camidge,Sales,1988-09-28 16:46:30,2018-09-16 23:02:47
Carole Aingel,Services,1997-01-31 09:00:38,2018-05-08 05:31:04
Cybil Birdwhistell,Training,1974-01-01 10:56:03,2018-06-28 07:45:49
Ad Klimmek,Engineering,2012-08-09 07:57:10,2018-09-05 18:44:22
Marcelo Tincknell,Marketing,1970-03-20 19:47:05,2018-01-09 01:55:37
Lorena Botger,Marketing,2001-12-02 01:08:08,2017-11-01 09:13:03
Abbie Polleye,Sales,2018-01-24 05:20:31,2018-03-26 23:14:28
Cosette Osmon,Business Development,1993-11-05 11:14:39,2018-01-18 08:42:19
Arlan Dresse,Accounting,2017-06-23 12:21:20,2018-05-18 01:49:13
Jan Claxton,Engineering,2005-04-16 16:36:12,2018-07-02 22:42:09
Mortie Stoven,Legal,1981-12-26 12:54:10,2018-09-25 22:21:09
Bernardina McCrossan,Business Development,2000-12-22 08:00:07,2018-09-15 02:36:55
Sergent Dimblebee,Marketing,1976-08-19 11:10:32,2018-02-06 19:27:37
Corbett Crips,Accounting,1978-12-21 01:19:43,2017-12-31 09:23:34
Ondrea Bysshe,Legal,1983-01-23 12:04:14,2018-08-21 13:20:42
Joyous Wellstead,Sales,2018-07-06 17:06:46,2018-08-17 02:06:34
Cariotta Empleton,Research and Development,2017-09-02 06:08:24,2018-04-23 11:04:32
Lynelle Stive,Services,1974-02-13 22:29:13,2017-12-05 02:32:15
Darya Fyldes,Human Resources,1984-10-14 19:31:01,2017-10-06 04:41:47
Xenos Weatherley,Marketing,2015-10-23 22:13:27,2018-07-05 19:43:01
Yard Sisland,Human Resources,1971-11-07 03:36:01,2018-05-26 21:36:42
Edee Arthan,Services,2004-09-30 21:28:39,2018-08-18 01:56:27
Sidonia Pozzo,Support,1994-09-23 14:45:29,2018-04-30 13:42:59
Sterling McCaffery,Human Resources,1987-06-02 19:26:08,2018-02-17 09:13:58
Lutero Adamov,Support,2013-11-06 14:01:48,2017-12-01 11:22:21
Mayne Jonsson,Accounting,2017-03-04 12:04:05,2018-02-28 23:09:13
Prisca Ranken,Engineering,1990-04-22 17:55:38,2017-12-14 13:31:04
Norry Padson,Training,2004-08-31 04:44:11,2018-03-26 22:28:43
Ardene Cathrae,Engineering,2000-03-23 14:09:38,2018-05-23 07:39:06
Marten Bodycomb,Legal,2008-03-06 16:05:34,2018-06-30 21:54:26
Carmina Le Barr,Training,1983-05-24 04:05:22,2018-01-30 14:26:16
Evey Pinock,Training,2007-07-11 01:25:12,2018-08-27 19:29:00
Bronny Fawthrop,Services,1986-02-10 06:11:01,2018-01-11 13:06:47
Erma Scutcheon,Engineering,2018-08-06 12:47:44,2018-09-26 10:00:15
Ami Rubert,Marketing,1992-07-31 09:25:05,2017-11-30 04:52:07
Durante Pearse,Engineering,1997-10-21 14:17:19,2018-03-23 14:06:48
Gael Summerfield,Services,1987-08-01 14:55:03,2018-05-21 16:36:11
Antonina Teesdale,Research and Development,1978-02-04 20:24:28,2018-03-09 06:57:03
Ericka Bilton,Training,1974-01-25 12:06:05,2018-07-01 19:55:03
Blaire Dietmar,Research and Development,1973-05-01 22:29:36,2018-01-17 18:43:04
Bale Haws,Engineering,2012-02-22 08:09:40,2018-02-06 07:49:58
Ashia Zambonini,Product Management,1988-11-25 08:40:34,2017-12-24 14:55:43
Herman Bownes,Legal,2014-10-19 14:57:26,2018-01-10 18:56:03
Kanya Satchel,Human Resources,1997-08-20 19:15:21,2017-12-14 00:21:31
Johann Huxley,Product Management,1991-10-02 08:21:01,2018-04-17 19:57:12
Killy Kleis,Research and Development,1974-11-13 16:41:10,2017-11-23 02:05:44
Arney Weatherhogg,Engineering,1975-02-13 21:22:14,2017-11-29 11:19:52
Starla Ostick,Services,1984-03-15 20:55:22,2018-02-28 17:23:26
Lanita Whitman,Services,2018-07-02 22:30:01,2018-09-20 03:14:47
Regan Barrabeale,Legal,2017-06-27 04:14:08,2018-07-14 12:17:37
Thomasin Tilio,Accounting,1987-04-27 06:42:08,2018-04-28 06:12:36
Shaun Pestridge,Human Resources,2018-05-11 11:18:48,2033-02-11 20:35:34 UTC
Beverly Manford,Human Resources,2005-07-06 09:21:40,2017-12-07 16:57:03
Grantham Strathern,Human Resources,1975-11-15 06:53:14,2018-08-06 05:36:21
Manfred Maffi,Product Management,1995-12-05 04:25:02,2018-07-23 02:19:32
Katlin Melley,Support,2001-05-03 08:17:03,2018-08-09 02:53:40
Homere Harnor,Engineering,2017-09-23 23:53:11,2018-05-10 02:43:26
Julita Giannoni,Accounting,1979-07-09 14:05:10,2018-09-28 06:20:16
Ada Wollen,Human Resources,1981-06-15 00:43:23,2018-09-19 03:39:08
Mahala Batch,Training,1971-07-25 21:08:16,2018-09-21 20:02:44
Hayyim Tucknutt,Sales,2008-11-30 03:28:03,2018-01-18 12:52:25
Sherman Boyda,Human Resources,1976-09-18 12:27:03,2018-01-27 23:04:36
Joyan Lamden,Support,2011-08-01 06:37:51,2018-08-01 04:46:02
Ginger Corps,Services,2011-09-03 21:36:07,2018-09-19 00:13:07
Feodor Satchel,Legal,1985-10-21 21:22:48,2017-11-25 08:45:56
Con Swayte,Engineering,2018-08-24 20:08:18,2046-06-23 09:43:14 UTC
Salomi Gomar,Support,2000-07-29 23:53:33,2018-05-03 19:57:07
Naoma Cahani,Human Resources,1992-01-27 12:06:23,2018-02-28 03:59:18
Giles Motte,Business Development,2002-06-01 14:44:37,2017-10-30 07:31:40
Felizio Gorvette,Support,1979-08-05 22:06:57,2018-05-09 19:18:27
Ranique Mumberson,Services,2010-10-27 12:09:29,2017-12-14 09:45:11
Jerry Buxton,Human Resources,1980-02-18 16:33:41,2018-06-24 21:36:42
Ricky Petranek,Engineering,1971-06-20 17:33:18,2018-05-11 16:54:41
Erl Daouze,Product Management,2002-03-08 11:49:14,2018-03-25 20:49:17
Bartlett Stollhofer,Training,2011-12-16 07:06:27,2017-11-26 20:16:21
Cristi Giacobini,Services,1998-08-16 20:35:17,2018-08-15 02:04:28
Rogers Lande,Business Development,1998-03-22 16:12:12,2017-10-03 10:51:39
Janaya Melby,Human Resources,1984-06-24 01:48:46,2018-09-06 20:56:38
Paxton Champken,Services,2009-12-13 15:35:41,2018-04-12 07:16:19
Mikel Windibank,Engineering,1982-04-22 14:47:40,2018-09-23 21:16:07
Nikki Cavalier,Sales,2000-01-23 00:37:42,2017-11-27 21:58:48
Malchy Spreckley,Marketing,1989-07-10 05:19:15,2018-06-01 01:15:47
Clarence Backs,Sales,1986-11-23 13:34:36,2018-05-07 20:15:36
Marcel Suscens,Accounting,2014-12-13 23:23:22,2017-10-09 03:24:17
Kaitlyn Farrer,Engineering,1975-11-26 17:12:06,2017-11-13 23:37:50
Davine Wavell,Research and Development,2010-10-18 05:37:19,2017-11-15 12:03:50
Gerard Landsman,Product Management,1971-11-29 14:57:31,2018-08-03 23:17:38
Bronson Betteson,Product Management,1980-02-05 18:05:37,2017-10-29 12:38:02
Wynn Float,Human Resources,2002-06-12 02:21:20,2018-04-29 06:24:04
Madelin Dumingo,Accounting,2003-01-03 07:07:49,2018-03-31 16:53:45
Viviene Brownlie,Sales,1987-09-26 19:10:42,2018-09-04 23:07:18
Malinda Jeroch,Research and Development,2007-02-18 12:06:20,2017-11-14 14:37:37
Theressa Swansbury,Accounting,2003-11-14 02:18:03,2018-05-16 23:54:50
Florencia Cornew,Training,1990-04-02 05:52:31,2018-09-29 06:38:13
Shermie Bore,Human Resources,1985-12-12 16:14:42,2018-02-21 05:30:54
Kasper Vatini,Human Resources,2004-07-09 23:10:05,2018-04-30 13:14:04
Lyle Moger,Engineering,2006-01-30 07:34:05,2017-11-10 15:56:02
Maisie Paschke,Marketing,1971-02-14 08:09:04,2018-07-15 21:53:51
Joane Greatland,Services,1974-09-09 10:46:00,2018-09-29 06:46:57
Andras Snalham,Engineering,1974-11-10 04:07:57,2017-10-08 21:10:24
Harlene Malyj,Sales,2003-05-21 12:50:36,2018-01-02 14:59:36
Hastings Juliano,Research and Development,2018-01-29 11:38:17,2018-07-05 20:53:24
Adriane Ashleigh,Sales,2009-01-28 23:23:45,2018-06-18 01:06:10
Anders Oliffe,Services,1999-12-23 04:51:53,2017-12-12 18:44:23
Theodor Odcroft,Human Resources,1972-05-12 23:01:20,2018-04-04 11:10:11
Andris de Marco,Training,2004-11-02 20:19:35,2018-07-15 13:07:49
Udall Meah,Engineering,1985-11-06 13:19:41,2017-11-03 16:32:39
Randolf Dudin,Sales,1991-07-18 23:55:08,2017-12-18 04:25:06
Vinita De Minico,Human Resources,2016-03-27 07:09:21,2018-04-20 15:05:01
Dana Klus,Legal,1983-02-07 04:45:48,2018-09-21 12:28:16
Ludwig Creaser,Legal,2017-05-19 00:50:14,2018-04-28 19:13:28
Maitilde Karet,Business Development,1995-06-29 20:25:38,2018-07-19 10:33:33
Elnore Darlasson,Engineering,1975-01-22 21:37:23,2017-11-30 04:30:54
Elvina Hallgath,Legal,1977-05-30 16:08:39,2018-04-29 05:28:01
Brit Marklin,Human Resources,1988-03-31 18:11:45,2018-07-19 03:44:59
Tallou Grancher,Training,2008-09-07 15:11:55,2018-01-15 04:28:24
Padget Pinck,Services,1990-11-14 01:02:48,2017-10-22 06:34:38
Timmy Grigorushkin,Research and Development,2010-04-10 08:14:49,2018-01-12 16:21:05
Sabina Westney,Marketing,2009-09-10 09:54:24,2018-07-20 02:08:47
Consuelo Yea,Legal,1988-03-28 22:13:49,2018-06-15 14:19:20
Peta Sandison,Accounting,1981-12-06 12:53:52,2018-01-25 07:34:01
Rudyard Dainton,Sales,1976-01-01 11:53:28,2018-07-02 02:20:17
Jojo Leyden,Human Resources,2013-07-10 20:16:28,2018-09-28 19:52:43
Maison Hens,Legal,1989-09-18 18:59:26,2018-03-14 00:01:28
Cameron Langridge,Services,1985-05-29 09:45:44,2017-11-12 02:35:33
Birk Kensy,Legal,2006-06-12 05:48:03,2018-01-24 15:11:22
Felipa Clemendet,Services,2002-11-19 02:18:19,2017-10-27 02:32:29
Bride Harsent,Human Resources,2007-06-10 00:24:08,2017-12-14 03:44:27
Georgie Dudley,Legal,2002-01-05 13:17:28,2018-03-07 15:21:35
Ariana Metzig,Human Resources,2012-09-25 20:00:08,2018-04-30 08:23:53
Carry Van den Broek,Human Resources,1982-07-26 17:09:10,2017-10-22 05:39:44
Myranda Midghall,Engineering,2003-10-05 22:38:12,2018-07-03 09:42:27
Loren Boarleyson,Engineering,2000-11-22 17:00:40,2018-04-23 14:57:56
Estella Etchells,Business Development,1979-05-12 03:35:59,2017-11-20 11:01:26
Alden Rucklidge,Research and Development,1997-06-19 01:07:10,2018-09-04 18:56:31
Milissent Atger,Sales,2013-07-07 16:19:15,2017-10-14 12:31:24
Ingram Leavey,Engineering,1997-08-10 11:35:21,2018-01-10 08:24:38
Luci Loukes,Research and Development,1982-12-18 16:45:14,2018-09-17 04:15:19
Free Biglin,Human Resources,1987-12-04 03:58:13,2017-10-08 06:03:54
Hinze Kaveney,Sales,1983-05-12 18:29:18,2018-03-09 21:28:14
Rubie Biddlestone,Human Resources,1984-08-14 18:23:19,2018-05-22 01:58:13
Garik Haugen,Sales,2006-02-03 15:01:49,2018-09-15 15:07:28
Karmen Presnall,Business Development,1994-06-22 12:08:10,2018-03-11 19:40:29
Audra Fewlass,Sales,2011-05-09 21:43:05,2018-06-06 10:56:45
Michal Sandels,Accounting,1971-09-23 16:57:17,2018-04-05 14:38:13
Anitra Melville,Training,1984-04-08 05:18:35,2018-02-08 17:44:58
Eloise Hinners,Product Management,1994-01-05 12:17:18,2018-06-28 19:56:57
Jojo Vials,Business Development,1989-11-25 12:24:02,2017-12-17 15:05:01
Berta Asplin,Sales,2002-06-13 10:18:10,2018-07-31 20:05:56
Kim Pindell,Services,2005-04-18 16:55:28,2018-09-30 23:59:29
Gavan Earwicker,Services,2005-11-20 12:32:14,2017-11-29 07:28:01
Lena Bunt,Support,2009-03-09 15:39:13,2018-05-06 13:04:13
Alys Ridsdale,Legal,1984-10-30 09:16:34,2017-11-29 04:10:36
Davis Shattock,Support,1985-10-22 16:56:05,2017-11-19 05:18:09
Briant McGriffin,Services,1999-10-01 12:42:38,2018-06-25 11:05:13
Rhianna Heintsch,Training,1972-09-27 13:54:13,2018-03-22 10:20:10
Abbe Angove,Accounting,2016-12-29 13:12:05,2018-05-11 13:09:26
Oralee Loseke,Marketing,2001-09-19 03:31:26,2018-08-25 02:34:19
Gayle Manuely,Research and Development,2006-06-22 08:55:53,2018-08-09 15:01:41
Camellia Heikkinen,Human Resources,1983-12-27 22:07:37,2018-07-26 15:24:57
Blair Quantick,Product Management,1974-02-25 12:59:31,2017-11-21 04:30:56
Glory Hornig,Research and Development,1994-02-13 03:48:53,2017-10-20 14:36:57
My Kennefick,Legal,1998-10-30 12:39:23,2018-01-06 01:06:00
Leena Pinn,Product Management,1990-04-22 00:16:51,2018-02-19 23:48:38
Marni Batch,Product Management,1993-06-19 02:38:03,2017-10-28 23:21:52
Britney Burbidge,Services,1992-05-23 15:07:16,2017-11-20 03:44:01
Lanita Nathon,Legal,1988-11-17 11:45:43,2018-01-29 09:30:40
Son Canty,Services,2000-07-13 05:57:16,2018-07-03 07:18:41
Kittie MacGaffey,Legal,1985-02-12 13:31:31,2018-01-17 11:30:26
Malena Jeandet,Training,1976-11-14 23:11:57,2018-03-18 05:56:34
Karlis Rolston,Sales,1982-08-11 21:08:18,2017-12-10 20:26:38
Albertine Measor,Research and Development,2010-02-28 02:38:45,2018-03-19 01:44:17
Ann-marie Veal,Marketing,1979-11-04 15:11:26,2018-06-30 14:46:26
Davida Baddeley,Human Resources,1978-02-10 03:55:06,2018-02-05 20:37:33
Cecilla Jeste,Business Development,1986-08-21 15:03:02,2018-04-05 23:36:03
Lea Pauel,Research and Development,2016-12-24 15:06:50,2018-05-15 08:45:42
Alidia Vondracek,Marketing,2010-10-03 03:31:31,2018-02-19 19:31:36
Carly Kilshall,Engineering,1979-11-14 22:04:28,2017-11-25 02:12:41
Effie Rutland,Legal,1970-05-13 20:56:09,2017-12-20 07:38:29
Cort Fusedale,Training,1994-07-26 00:13:33,2018-07-18 03:52:42
Kelly Brilleman,Training,1983-08-06 19:00:45,2017-12-06 22:03:31
Tracee Causton,Business Development,1987-03-26 19:07:18,2018-08-31 11:02:51
Alyda Tzuker,Human Resources,1994-12-19 19:46:44,2018-06-13 01:51:21
Demetris Slaten,Engineering,1972-05-09 21:22:56,2018-02-10 00:07:48
Lance Gregor,Marketing,1981-10-25 10:33:19,2018-08-28 17:27:32
Roberto Smithson,Services,1983-08-26 11:35:22,2018-08-06 05:07:53
Wallis Venneur,Training,2014-11-16 04:00:06,2018-06-04 01:46:22
Avrom Dulwich,Human Resources,2008-01-20 15:59:43,2018-07-23 19:12:34
Roseann Davidow,Services,2002-09-06 22:35:24,2018-01-11 04:25:04
Abey Rowthorne,Research and Development,2011-05-21 10:23:30,2018-02-22 03:46:34
Kellen Marrill,Services,1970-02-04 00:37:00,2018-07-30 16:12:32
Netta Gridley,Services,2015-02-14 19:20:15,2018-08-02 04:22:57
Tammie Guerry,Human Resources,2003-06-18 07:12:11,2018-09-16 17:44:11
Meier Martinec,Marketing,1999-07-06 23:34:26,2017-11-11 08:18:52
Pierce Ellingsworth,Sales,1980-03-09 12:25:03,2018-04-03 01:26:31
Maurise Filyakov,Engineering,2017-02-21 15:00:57,2018-06-24 08:15:44
Rosie Bedborough,Sales,1994-11-24 22:11:20,2018-03-04 21:14:47
Pamella Mart,Sales,2018-04-04 23:28:53,2025-09-16 03:08:51 UTC
Mathian Crose,Accounting,2017-11-13 05:36:51,2018-05-21 17:48:09
Moise Audus,Marketing,1981-07-13 16:15:04,2018-06-20 12:49:56
Caleb Petracchi,Engineering,1989-01-06 02:07:04,2017-10-04 12:50:59
Otho Forlong,Human Resources,1984-12-05 00:34:11,2018-08-17 18:36:44
Leonard Dericut,Support,1992-07-05 12:03:19,2018-07-11 18:27:49
Kelvin Cadigan,Product Management,1971-12-24 05:49:46,2018-04-09 11:31:40
Hyacintha Aiers,Research and Development,1970-03-15 19:57:04,2017-10-15 16:53:25
Ermengarde Roche,Support,2008-05-06 03:35:56,2018-05-29 19:11:15
Tedd Stell,Business Development,1978-10-23 23:16:40,2018-06-22 05:17:02
Lonni Deekes,Support,1999-09-07 00:51:11,2018-07-22 17:19:55
Nil Parzis,Business Development,1998-05-08 19:03:26,2018-06-27 08:09:49
Yancy Secretan,Research and Development,2011-08-31 11:07:45,2017-12-31 04:22:30
Kaitlyn Bruinemann,Human Resources,1981-12-03 08:39:02,2017-10-21 20:13:48
Dredi Hustler,Legal,1970-04-21 15:06:58,2018-04-30 07:44:53
Gavin Hampe,Human Resources,1971-05-07 21:44:12,2018-08-21 18:38:20
Lenci Skarr,Marketing,1972-08-19 07:39:52,2018-05-14 17:22:50
Leontine Gott,Product Management,1975-06-01 13:11:20,2017-11-03 10:58:19
Nan Loft,Support,1988-01-13 18:03:33,2018-01-23 08:19:10
Ignazio Lidgerton,Training,1998-03-05 17:13:38,2018-05-15 22:05:51
Eloisa Speerman,Product Management,1973-12-10 21:27:02,2017-12-27 15:14:33
Lorita Blackie,Product Management,1991-02-01 18:41:01,2018-04-14 14:36:18
Elliott Aizikovitz,Business Development,1985-10-13 15:20:34,2018-05-14 23:11:31
Karon Arzu,Marketing,2013-12-30 08:55:19,2018-09-30 19:45:43
Faydra Hicks,Engineering,1987-12-21 04:55:56,2018-04-18 22:24:34
Maggie Askwith,Legal,1977-06-23 10:22:07,2018-06-17 03:13:26
Michal Leadbeater,Research and Development,1993-01-16 21:41:41,2018-03-01 03:38:12
Samara Lusgdin,Business Development,2016-12-24 20:11:04,2018-07-26 14:23:38
Suzy Ranshaw,Research and Development,1988-11-19 10:13:23,2017-12-20 04:33:59
Mace Gettings,Legal,1974-11-02 04:58:09,2018-06-09 15:41:39
Adah Hesser,Services,2008-02-12 23:06:14,2017-11-06 06:19:59
Ogden Charette,Human Resources,1995-11-17 00:31:17,2018-04-26 08:17:49
Esma Haly,Training,2006-10-21 20:08:45,2017-12-21 15:03:56
Chad Traviss,Services,1974-04-26 17:26:27,2017-10-04 14:34:27
Frank Christofle,Product Management,2010-12-11 15:09:23,2018-02-13 10:37:28
Bradford Lanegran,Sales,2000-09-24 08:35:51,2017-12-20 23:02:32
Oran Chatenier,Accounting,1975-09-09 01:01:06,2018-09-29 05:36:05
Clemmy Townley,Human Resources,1995-12-12 11:49:31,2018-07-23 14:06:00
Francklin Conant,Training,1995-05-14 21:16:17,2018-06-12 20:02:15
Goober Boddis,Training,1998-11-28 19:07:18,2017-11-14 08:50:39
Bryan Billing,Support,1977-02-02 09:59:07,2018-02-24 16:50:33
Quillan Fonteyne,Sales,2012-01-21 00:47:11,2018-02-16 15:57:20
Durward Sicely,Accounting,1995-11-02 08:30:08,2017-12-11 06:05:54
Margarete Bastick,Support,2017-02-03 02:50:48,2018-02-28 05:00:44
Duff Iscowitz,Support,1989-02-09 23:34:42,2018-01-15 06:31:08
Cynthy Kneaphsey,Services,1994-01-24 12:50:22,2017-12-13 07:53:39
Erastus Blois,Product Management,2004-05-15 11:35:23,2018-06-05 00:57:45
Rabi Giacopello,Sales,1981-11-24 16:36:14,2018-09-10 11:51:49
Editha Rawls,Legal,1995-10-24 10:50:06,2017-10-22 00:27:02
Crysta Aymer,Research and Development,1984-12-28 16:12:21,2017-12-29 18:00:39
Elaina Safell,Engineering,1993-05-22 15:53:14,2018-03-22 11:06:30
Tamara Sharratt,Legal,2005-04-21 02:14:49,2018-05-21 19:56:01
Terrance Nenci,Training,2008-01-24 21:32:01,2018-08-02 00:38:17
Bond Demko,Business Development,1980-12-21 22:52:47,2018-02-20 11:25:32
Kimmie Durand,Product Management,2003-09-22 11:12:55,2018-08-08 17:20:49
Mari Whife,Support,1991-10-14 00:54:54,2018-08-10 04:09:19
Durant Golsthorp,Business Development,1973-12-21 17:13:38,2018-09-09 18:02:57
Reinhold Steer,Services,1975-08-15 01:29:47,2017-12-29 02:04:47
Brenna Tandy,Legal,1995-09-15 19:16:33,2018-05-01 21:46:27
Matteo Hagerty,Support,2013-10-17 13:33:04,2018-01-18 23:32:19
Abagail MacKettrick,Product Management,1985-01-20 16:14:03,2018-06-29 07:32:31
Kendall Brooks,Engineering,1984-08-06 18:09:28,2018-02-03 20:14:24
Briggs Bohey,Legal,1976-05-11 15:12:22,2018-05-02 17:47:55
Janina Budgett,Support,1976-07-25 10:11:20,2018-01-02 23:00:35
Marlyn Wagerfield,Research and Development,2010-03-16 09:22:50,2018-04-04 01:18:30
Mattheus Luisetti,Business Development,1977-10-17 14:25:38,2018-08-23 20:12:13
Baily Gayter,Engineering,2009-04-24 10:06:34,2018-09-22 14:39:30
Amerigo Solman,Sales,2007-08-21 00:14:31,2018-03-17 06:46:40
Reine Trulock,Engineering,1982-06-17 19:02:25,2018-03-11 21:46:09
Hadleigh Dullaghan,Business Development,1982-01-24 19:43:29,2017-12-13 06:05:29
Melisent Gunter,Legal,2007-06-08 06:00:13,2018-06-11 16:36:49
Fitz Elden,Business Development,1998-08-16 23:29:32,2018-06-19 19:18:06
Damien Rowston,Human Resources,2016-04-25 18:47:33,2018-04-06 12:00:16
Barny Grzegorzewicz,Accounting,1985-10-18 09:57:20,2018-04-01 09:25:57
Butch Krahl,Accounting,2012-12-08 20:13:44,2018-01-18 09:29:48
Ronni Isoldi,Services,1978-02-16 14:36:35,2018-01-27 19:33:41
Otes Townson,Engineering,1995-11-27 21:20:17,2018-02-09 03:31:49
Alick Kleisle,Product Management,1999-08-10 17:59:03,2018-09-05 16:54:53
Alla MacPeake,Support,2013-09-05 11:32:55,2018-07-17 16:11:47
Arvin Trench,Human Resources,1992-08-01 11:14:56,2017-12-08 02:14:46
Merell Kitcatt,Training,2014-04-05 14:17:58,2018-06-25 10:31:17
Jeannine Rames,Business Development,2010-01-22 00:45:28,2017-10-24 17:08:16
Giordano Merricks,Sales,1993-02-23 18:14:19,2018-06-04 18:03:35
Wolfgang Leat,Support,2001-11-18 20:54:00,2017-10-03 16:32:23
Ricoriki Shortcliffe,Support,1992-05-10 06:53:48,2017-12-29 19:51:40
Darius Iddon,Marketing,2005-08-31 11:35:19,2018-01-10 17:45:45
Nickolas Vautin,Engineering,1990-07-18 04:31:02,2017-12-19 07:19:55
Jeane Spellard,Engineering,1999-02-10 19:02:49,2018-02-11 23:21:45
Pennie Fidgin,Engineering,1984-09-27 07:38:26,2017-12-23 16:18:55
Valery Mart,Research and Development,1985-01-21 05:08:35,2018-05-04 21:33:33
Mahmoud Stout,Product Management,1985-12-22 04:30:24,2018-06-26 06:06:57
Glendon Corrington,Training,1995-01-31 13:10:19,2018-04-05 07:40:11
Matthieu Kintish,Training,1995-06-17 07:45:55,2018-05-10 19:54:54
Jae Brackstone,Research and Development,2015-02-18 08:46:56,2018-05-27 22:58:50
Britney Keener,Accounting,1990-12-11 10:36:00,2018-07-29 12:16:44
Johnathan Cowins,Services,1976-01-16 06:56:19,2018-07-14 18:29:20
Jourdain Switland,Human Resources,2003-04-11 02:08:38,2018-09-13 10:02:20
Darby Lambdin,Sales,1978-10-04 04:59:09,2018-09-02 23:35:18
Simon Wells,Legal,2007-11-13 12:39:36,2017-12-30 02:32:33
Jobyna Sabater,Training,1978-09-16 21:27:36,2017-12-03 22:15:30
Kamilah Vaney,Human Resources,2016-02-26 15:06:16,2017-11-09 16:59:56
Mala Thomtson,Marketing,2017-07-04 08:47:03,2017-10-19 05:04:16
Roley Yakunchikov,Engineering,1971-10-23 11:12:26,2018-01-29 01:10:18
Evaleen Osmar,Product Management,2013-03-19 13:14:46,2018-04-12 03:33:35
Belle Tregust,Engineering,1974-03-11 02:17:27,2017-11-12 08:28:59
Harri Demangel,Services,2015-10-15 19:09:48,2018-09-11 21:58:22
Silas Cardno,Research and Development,2005-11-16 13:08:36,2017-10-12 11:32:52
Ettie Wrate,Product Management,1985-05-30 09:08:51,2018-06-06 19:18:33
Daloris Blanche,Engineering,1973-03-30 05:35:36,2018-08-04 09:08:46
Frants Proughten,Support,1992-08-11 10:19:32,2018-05-12 19:01:59
Elisa Crocumbe,Product Management,1978-12-11 23:56:02,2018-02-09 05:21:10
Giovanni Buswell,Research and Development,2017-08-21 18:34:02,2017-12-05 18:29:50
Marcus Penswick,Research and Development,1997-05-31 04:51:47,2018-03-17 17:55:46
Rouvin Heaven,Sales,1992-04-14 17:28:05,2017-12-11 06:08:07
Dewie Mordey,Training,1998-04-02 23:41:18,2018-01-14 14:30:14
Riley Dufore,Human Resources,2002-10-28 16:38:28,2018-10-01 15:03:55
Halli Daile,Product Management,2003-03-27 12:06:30,2018-03-25 06:25:35
Kimbra Olyunin,Sales,1973-12-31 03:33:17,2017-11-04 20:18:44
Addy Tunbridge,Services,1970-03-18 18:07:21,2018-06-07 06:05:53
Cletis Thorpe,Business Development,2000-04-25 19:24:56,2017-12-10 07:13:47
Mitzi Urry,Human Resources,1990-03-25 06:42:30,2018-04-20 11:22:39
Marcella Ruffell,Human Resources,1983-11-21 10:10:08,2018-05-07 05:26:23
Tisha Marty,Product Management,2013-07-31 00:19:11,2017-10-04 01:14:09
Otto Wastell,Marketing,2009-11-11 11:30:40,2018-03-16 05:07:57
Vale Addy,Research and Development,1996-11-28 03:50:31,2017-10-08 19:46:10
Miguela Quinet,Services,1993-12-22 08:41:26,2017-11-23 04:37:34
Krysta Waddilow,Services,1971-06-03 18:14:08,2018-08-28 15:08:29
Hermia Pepys,Training,2011-07-31 17:52:39,2018-07-30 12:38:32
Adelaida Jovic,Support,2011-05-10 12:52:26,2018-09-02 20:14:55
Jobi Mangham,Business Development,2014-11-29 23:36:18,2018-03-27 00:42:44
Royce Kyd,Research and Development,2000-07-08 12:47:36,2018-09-06 04:45:48
Silvia Erlam,Engineering,1984-08-03 16:27:29,2017-11-23 20:04:01
Henka Lindman,Support,1992-07-23 07:07:36,2018-02-10 14:38:50
Starr Althrop,Marketing,1974-10-06 06:46:22,2018-02-02 03:57:01
Jamaal Reeve,Business Development,2015-12-29 13:27:41,2017-12-11 00:50:27
Jennilee Pevreal,Accounting,1996-07-14 11:22:01,2017-11-24 06:21:57
Dorolice Rampage,Training,1998-03-28 14:29:18,2018-01-18 06:47:42
Kaylee Oliveras,Support,2011-12-08 21:39:54,2018-05-29 21:35:59
Dugald Degnen,Support,1978-06-25 23:30:13,2018-06-11 09:09:30
Helli Lilburne,Training,1977-07-06 05:10:57,2017-11-19 01:31:44
Peter Maase,Training,1991-10-18 07:00:44,2018-06-27 08:00:00
Nickie Canty,Business Development,1972-10-18 19:20:57,2018-06-06 10:24:06
Corinna Wedmore.,Services,1995-11-10 19:39:08,2018-01-03 00:27:50
Isidor Skate,Services,1988-04-12 04:04:09,2018-04-04 21:47:03
Harmonia Champ,Product Management,1983-01-28 09:09:37,2017-10-26 10:54:22
Marc De Roos,Business Development,1993-02-03 07:00:45,2018-08-24 17:49:24
Adria Arbor,Sales,2001-12-31 16:57:13,2017-10-09 13:07:45
Hetty Buntin,Marketing,1994-10-30 13:13:59,2018-05-16 06:39:21
Timmie Dubber,Support,1996-12-18 10:47:46,2018-07-24 21:36:14
Allistir Simoni,Engineering,1979-12-03 22:02:28,2017-11-22 04:35:35
Egon Daniello,Sales,1983-02-03 02:14:41,2018-09-21 04:24:45
Caryn Ruddock,Legal,2015-07-01 22:13:06,2017-11-29 19:37:09
Cacilia Esson,Services,1979-12-06 02:29:14,2018-04-27 10:41:04
Tuck Wotherspoon,Business Development,2009-11-15 01:45:50,2018-07-29 14:39:22
Sybilla Kedwell,Research and Development,1974-12-25 00:28:01,2017-11-16 14:14:45
Ewart McConnal,Support,1987-08-18 15:43:17,2017-11-03 20:57:31
Luce Kardos,Accounting,2009-06-29 20:48:02,2018-04-17 07:20:50
Revkah Lowdham,Accounting,2006-07-03 11:08:01,2017-11-17 03:31:25
Marge Bools,Sales,2006-10-25 00:08:07,2017-10-17 03:41:51
Alvina Shurrock,Accounting,1970-02-25 17:14:38,2017-10-11 04:50:40
Bay Eard,Accounting,2016-10-17 09:22:41,2017-11-24 15:57:12
Tammy MacIlhargy,Legal,2012-07-28 08:11:43,2018-06-06 20:15:53
Marty Redmore,Product Management,1992-07-03 02:08:24,2017-10-23 13:34:56
Jeanine Childes,Business Development,2015-02-16 17:31:13,2017-12-07 00:22:34
Bambi Burgise,Research and Development,1983-11-04 06:07:45,2018-09-08 18:31:55
Gwendolyn Arnott,Research and Development,1984-04-16 22:37:20,2017-11-05 00:29:08
Petrina Goldhawk,Training,2016-05-04 00:39:49,2018-08-10 22:02:35
Tracee Hartzenberg,Product Management,1990-06-08 18:00:24,2018-09-29 17:59:12
Krissy Brownsea,Research and Development,2004-03-08 00:33:56,2017-12-26 04:12:16
Ganny Ditter,Product Management,1978-08-26 13:58:44,2018-07-27 04:46:02
Hollyanne Mogridge,Support,2009-05-06 15:56:24,2018-03-25 03:02:53
Cirstoforo Cookley,Human Resources,1991-10-21 20:15:21,2018-08-10 01:20:00
Godfrey Phillcock,Services,1973-10-27 00:28:05,2018-07-05 05:14:24
Kain Davis,Human Resources,2016-12-28 21:58:19,2018-08-02 07:00:30
Cordy Zettoi,Services,2016-09-23 19:13:44,2018-02-12 09:47:01
Katee Pirie,Business Development,1999-06-04 08:13:16,2018-02-21 09:30:03
Orazio Cockrell,Marketing,2013-10-06 03:54:15,2018-08-13 22:48:40
Kelvin Copello,Engineering,1995-08-06 14:12:13,2018-05-16 08:37:56
Claybourne Leethem,Accounting,1972-09-05 12:11:59,2017-12-17 19:19:14
Gwendolen Kinsella,Sales,2002-11-08 22:41:05,2018-02-18 00:36:49
Hobart Bruckent,Human Resources,1974-01-01 11:13:19,2017-11-26 06:28:59
North Burghall,Engineering,1999-12-30 20:19:25,2018-05-08 14:17:13
Berty Coughtrey,Support,1982-06-07 09:32:27,2018-06-05 20:03:24
Jaynell Lafrentz,Sales,1996-06-25 13:39:10,2017-12-12 10:25:52
Penn Mossman,Business Development,1985-09-11 12:38:46,2018-09-30 12:30:31
Beatriz Callow,Research and Development,1972-09-18 22:39:41,2018-04-17 06:16:28
Corey Chapleo,Sales,1983-04-16 19:28:51,2018-09-12 12:50:42
Orv Menham,Support,2000-04-28 11:14:10,2018-09-09 16:46:33
Verne Busch,Services,1994-07-17 06:24:18,2018-09-09 05:49:37
Gun Gippes,Research and Development,1979-05-10 09:55:53,2018-08-16 11:36:23
Alys Morgon,Services,2017-11-04 19:01:02,2018-07-05 23:20:56
Alexine Easterling,Legal,2001-01-10 12:30:32,2018-01-24 18:56:16
Elyn Yosselevitch,Legal,1989-05-19 16:58:32,2017-12-23 04:30:09
Rudd Yushachkov,Accounting,2008-08-12 16:13:25,2017-12-13 21:41:00
Sergio Swatheridge,Accounting,2012-01-30 13:33:57,2018-04-12 16:06:17
Ward Roos,Legal,1985-04-01 21:26:22,2018-04-14 07:52:15
Dasya Staveley,Legal,1976-04-24 04:13:11,2018-05-26 01:43:18
Jackson Grishukov,Training,1971-10-11 01:42:54,2018-01-27 11:02:29
Danica Cavill,Research and Development,1977-12-03 08:00:55,2018-01-29 02:21:54
Solly Kubach,Services,1989-05-05 03:49:08,2017-10-07 12:34:03
Jamison Delaney,Training,2011-05-14 22:31:00,2018-04-18 06:28:39
Penny Gonnel,Marketing,1974-10-16 16:41:24,2018-09-05 10:12:31
Maximilian Shelley,Engineering,2004-03-17 14:37:36,2017-11-10 04:33:40
Beatriz Rattenberie,Human Resources,1973-04-16 02:41:33,2018-08-29 14:16:06
Brocky Gianneschi,Accounting,2002-05-07 00:19:06,2018-02-09 12:06:43
Smith Iddenden,Business Development,1975-07-07 13:01:41,2017-11-12 08:52:32
Georas Whistance,Human Resources,1979-10-19 17:14:05,2018-04-02 14:02:32
Kile Handrick,Support,1996-07-04 22:02:49,2018-03-31 11:50:19
Cornelia Pipping,Product Management,1997-06-19 15:11:05,2018-07-21 16:45:06
Gwenny Saben,Accounting,1990-10-09 22:25:08,2017-12-07 02:56:49
Marlin Tarver,Training,2009-04-10 13:40:47,2018-08-13 21:49:14
Laird Handy,Support,2015-05-14 00:56:09,2017-12-04 14:27:05
Gwenneth Inchan,Marketing,2014-11-11 21:17:30,2018-04-19 02:43:36
Desirae Coleford,Services,1992-02-12 08:20:33,2018-01-26 05:29:18
Lira Drayton,Engineering,1985-10-13 16:04:16,2018-09-14 04:34:19
Illa Evelyn,Research and Development,1978-06-13 23:22:16,2018-03-02 13:31:27
Averill Mc Queen,Research and Development,1978-07-07 12:59:54,2018-06-23 06:02:14
Frants Langdon,Marketing,1996-01-11 18:42:13,2017-12-26 08:25:01
Doll Flament,Training,1997-05-23 16:09:29,2017-10-24 05:15:04
Sander Vlies,Training,1992-12-15 13:43:26,2018-04-30 13:03:47
Drew Mein,Product Management,1981-09-08 01:42:06,2018-09-25 16:16:05
Bianka Kingsnorth,Sales,1990-08-04 06:38:29,2018-07-02 23:31:06
Betteanne Grisard,Business Development,1980-03-05 12:36:52,2018-01-20 08:34:04
Cyb Branchflower,Services,2017-07-04 12:33:56,2017-12-08 09:03:43
Zerk Bartozzi,Support,1988-06-18 20:57:00,2018-04-16 19:47:21
Josephine Burgan,Business Development,1975-05-14 11:24:00,2018-05-14 20:25:05
Katlin Rawsthorne,Product Management,1987-12-10 08:46:51,2018-07-24 09:11:00
Cazzie Claiton,Engineering,1970-01-08 00:06:23,2018-02-24 02:44:23
Tadio Sate,Services,2016-08-03 10:24:57,2018-07-20 02:29:16
Kyla Dring,Human Resources,1978-04-14 17:26:16,2017-11-12 15:18:04
Laurie Origan,Support,1972-09-03 15:32:35,2018-07-04 03:10:44
Sue Cuniffe,Support,2014-01-28 02:17:25,2018-06-03 09:54:30
Donnie McHenry,Research and Development,2007-11-02 18:25:36,2018-01-08 09:14:58
Galvan Stodart,Business Development,1974-04-05 21:53:33,2018-06-07 09:48:38
Burgess Ambrois,Support,1991-06-19 13:15:13,2018-08-28 05:38:03
Nady Yurlov,Engineering,2018-07-14 04:20:24,2047-05-12 12:48:43 UTC
Boniface Vesque,Marketing,2003-12-23 03:59:28,2018-01-04 12:01:11
Ginny Wanley,Human Resources,2002-10-16 23:04:07,2018-09-25 10:06:32
Whittaker Janisson,Marketing,2018-05-26 23:40:41,2025-10-08 07:46:26 UTC
Ross Gilhespy,Product Management,1975-07-27 01:58:40,2018-06-09 06:15:33
Kara-lynn Biggin,Product Management,2007-01-25 18:50:20,2018-02-15 12:25:50
Keven Gilburt,Training,1991-07-27 09:52:46,2017-12-23 17:30:36
Valentine Skidmore,Accounting,2018-09-30 19:58:28,2033-10-14 06:44:08 UTC
Nanice Gravy,Human Resources,2010-03-01 02:09:33,2018-06-18 12:49:50
Phylys Mosey,Legal,1983-02-02 19:31:15,2018-07-08 14:56:58
Tammie Kellar,Product Management,2004-12-14 12:19:45,2018-10-02 05:21:33
Brocky Michieli,Human Resources,1970-07-14 16:54:56,2018-08-08 16:21:41
Flossy Stout,Sales,2004-01-31 09:52:53,2018-02-02 12:44:55
Suzette Swansbury,Accounting,1998-03-04 05:57:41,2017-11-09 20:23:23
Chrissie Poltone,Legal,1988-07-22 08:38:03,2018-01-26 10:32:20
Adlai Twydell,Support,2007-09-13 14:50:08,2018-03-12 13:14:31
Michele Joburn,Accounting,2011-09-30 08:03:06,2018-09-30 16:02:11
Guillermo Samsonsen,Product Management,2000-11-03 21:12:19,2017-12-23 06:09:18
Van Slixby,Accounting,1988-01-07 03:53:32,2018-05-03 13:47:54
Jamey Mouland,Research and Development,2016-04-13 22:31:32,2018-10-02 02:53:39
Phillie Hurl,Business Development,1970-03-07 21:40:43,2018-01-03 17:28:17
Rodger Bushell,Research and Development,1992-07-16 12:16:46,2017-11-29 10:03:43
Avictor Baudou,Business Development,2016-05-08 05:23:49,2018-03-23 03:33:29
Lisetta McLagan,Business Development,1989-09-29 21:52:14,2017-11-19 10:16:34
Karlotta Iltchev,Sales,2016-07-07 01:45:23,2018-01-05 05:26:50
Elias Hritzko,Product Management,2014-03-01 04:51:43,2017-10-23 21:31:02
Baird Tulip,Accounting,1995-08-14 02:27:13,2018-09-13 23:58:07
Jo-ann Guerrin,Sales,2015-12-10 05:42:10,2017-12-05 16:33:45
Miof mela Durston,Product Management,1992-04-07 13:53:42,2018-04-04 01:53:13
Emogene O' Clovan,Business Development,2012-09-23 01:16:17,2017-11-21 17:51:44
Tymon Cookney,Training,1977-05-02 08:56:21,2018-01-14 21:08:50
Perl Bembrigg,Product Management,2001-07-04 21:07:06,2018-09-21 09:05:10
Bert Gres,Sales,2011-06-10 22:27:18,2018-05-21 08:54:20
Todd Balaam,Legal,2018-01-10 08:57:38,2036-11-26 22:13:33 UTC
Leoine Howie,Product Management,2009-06-17 01:09:25,2018-07-27 14:51:45
Josh Sanham,Accounting,2011-04-14 22:35:35,2018-05-04 12:58:18
Gerhardine Woolmore,Support,1992-07-03 21:10:43,2018-04-10 18:16:54
Yance Bernath,Accounting,2011-03-21 00:25:25,2018-03-06 06:10:20
Vicky Lesslie,Support,1994-05-10 05:14:29,2017-11-24 12:48:39
Moshe Delaprelle,Sales,2002-01-02 13:14:47,2018-04-18 05:21:52
Celine Prothero,Research and Development,1987-08-11 20:43:14,2018-01-02 01:01:01
Alina Trahear,Research and Development,1975-09-02 12:16:36,2018-04-09 14:27:03
Camel Iskov,Engineering,1974-12-27 15:16:07,2018-08-24 17:23:58
Fedora Folds,Marketing,1989-01-01 06:56:16,2018-04-24 04:16:15
Palmer Paladini,Training,1975-10-17 23:15:19,2018-05-03 11:53:56
Jobie Sheaf,Human Resources,1976-10-14 22:34:10,2018-04-15 07:23:45
Humberto Ivanyushin,Services,1985-04-11 10:51:15,2018-08-06 09:08:39
Gerick Beardsall,Accounting,1999-10-21 18:28:42,2018-06-06 06:18:05
Licha Striker,Marketing,2006-07-17 17:28:08,2017-12-25 22:07:39
Earl Jopp,Human Resources,1983-04-30 12:32:23,2018-06-08 16:13:12
Michel McAnulty,Research and Development,2005-12-10 05:20:02,2017-11-26 10:23:07
Mora Sawyer,Support,2015-01-01 22:35:31,2018-09-15 00:02:55
Charissa Greeson,Sales,2018-08-12 23:56:07,2022-02-25 12:28:55 UTC
Pier Speare,Support,1970-10-13 06:37:38,2018-08-05 06:20:51
Alleyn Retallick,Training,2011-06-01 13:49:46,2018-07-11 13:55:20
Obediah Charker,Marketing,1971-01-10 02:24:51,2017-11-26 07:43:39
Faustine Espada,Research and Development,1990-04-17 02:35:42,2018-02-04 06:06:52
Marta Sperwell,Product Management,1995-08-06 09:38:57,2018-01-23 10:09:13
Kathe Roadknight,Support,1974-06-19 10:29:27,2018-03-25 06:05:01
Emmanuel Tadman,Training,2006-12-09 07:44:40,2018-09-08 05:17:28
Townie Bonny,Business Development,2009-07-06 16:39:09,2018-07-15 23:09:40
Carlotta Koppe,Sales,1989-10-18 09:34:56,2018-02-12 13:26:11
Algernon Bakey,Services,2016-04-10 09:56:56,2018-03-21 13:51:00
Silvio Obington,Business Development,1984-05-19 11:14:44,2018-02-16 07:20:00
Orelie Water,Accounting,1987-09-30 07:45:51,2018-08-06 18:18:03
Melodee Gold,Accounting,1982-02-04 05:11:55,2018-01-21 22:31:10
Carina Daviot,Research and Development,1991-05-30 05:23:19,2018-09-20 11:25:21
Audry McArthur,Research and Development,2006-11-01 08:57:14,2018-01-05 12:44:15
Scarlet Dawidowitz,Support,2007-02-17 19:01:31,2018-02-20 19:32:50
Gerald Lorenzetti,Accounting,1977-10-17 07:49:16,2018-04-17 06:02:56
Law Iredale,Engineering,1989-01-18 08:48:27,2017-10-07 07:41:12
Hildagarde Calbrathe,Legal,1997-03-21 23:37:37,2017-10-06 18:29:50
Bill McSperrin,Product Management,1975-04-26 12:38:47,2018-02-28 06:22:35
Stanly Munnery,Sales,1998-12-14 14:07:34,2018-06-10 03:02:54
Nev Buck,Training,1985-12-04 01:37:53,2018-08-21 13:17:30
Wanda Deares,Legal,1971-01-02 04:18:59,2018-02-05 17:08:15
Rosella Creavin,Sales,1987-12-27 08:59:35,2018-05-30 01:59:55
Sheffy Fallon,Support,1976-05-19 01:35:28,2017-10-31 01:43:51
Maureen Frarey,Legal,2006-12-24 12:15:42,2018-08-18 23:21:48
Cathleen Hazell,Marketing,2005-08-31 09:56:52,2018-09-07 19:22:13
Bibbye Hertwell,Engineering,1983-01-08 19:58:01,2017-10-23 05:38:58
Krista Searjeant,Business Development,1981-11-21 16:34:19,2018-05-20 22:26:20
Baird Rispine,Services,2017-07-23 17:18:35,2018-08-13 16:12:41
Sharline Spinola,Legal,2000-11-22 10:23:13,2018-03-12 03:18:27
Hilliary Guillard,Marketing,2013-11-02 12:18:48,2018-01-12 09:59:03
Linea Claffey,Training,2013-08-24 08:14:57,2018-05-12 20:46:16
Reeta Tregea,Human Resources,2008-11-13 13:02:38,2017-12-20 17:44:49
Ketti Pate,Business Development,2013-12-18 03:19:32,2018-09-09 17:59:05
Dorey Mackiewicz,Legal,1992-02-25 02:20:35,2018-05-18 22:21:18
Sydel Goburn,Training,1980-04-16 22:06:26,2018-02-27 10:49:10
Lizbeth Inold,Product Management,1985-05-21 14:39:28,2018-06-13 20:58:51
Pearla Comello,Services,1971-05-05 15:24:54,2018-01-17 12:28:07
Krishnah Ashfield,Training,1971-11-04 03:31:33,2018-01-10 11:16:54
Michelina Whorton,Product Management,1984-12-13 07:33:22,2017-11-26 07:48:48
Jorey Crome,Engineering,1978-10-11 21:30:13,2017-12-25 19:51:00
Cherida Kupke,Engineering,2005-05-27 22:20:01,2018-08-17 20:34:17
Alano Nanson,Services,1987-08-09 13:11:57,2018-01-28 03:19:20
Annaliese MacIlhargy,Services,2017-08-24 16:24:59,2017-11-21 19:02:50
Tonye Payler,Engineering,1997-09-16 23:51:26,2018-06-04 21:53:33
Bernette Gullyes,Research and Development,2018-01-13 13:39:49,2018-04-22 09:24:14
Deeyn Strangward,Business Development,1992-08-13 20:10:28,2017-11-11 13:16:31
Darrick Djokovic,Sales,2003-07-24 23:07:04,2018-02-22 16:03:02
Essa Barlow,Support,2009-03-20 09:23:23,2018-09-21 06:53:48
Werner Throughton,Legal,2005-01-24 22:05:56,2018-07-27 19:15:43
Garvy Esmonde,Support,1992-12-01 06:45:02,2018-03-20 10:05:36
Rubin Zettoi,Support,1996-03-27 01:49:46,2018-06-02 06:09:16
Rafe Nicholl,Sales,2016-05-08 10:13:36,2017-12-30 00:16:18
Nelly Tissier,Sales,1992-11-27 07:10:07,2018-04-24 01:04:19
Roley Fateley,Legal,1980-08-27 04:27:01,2018-03-16 05:48:55
Marnia Surfleet,Business Development,2014-09-16 17:20:27,2017-12-06 05:27:27
Daren Wrack,Training,1987-04-24 12:10:55,2018-01-23 08:17:10
Roshelle Bakhrushin,Accounting,2006-02-19 01:23:04,2017-12-25 07:14:44
Nikolas Addie,Engineering,1979-07-19 23:55:58,2018-07-29 05:57:12
Charmaine Geockle,Product Management,2004-09-24 02:14:20,2018-03-13 13:10:57
Augie Thunderchief,Services,1982-04-16 17:06:24,2018-05-11 11:02:17
Ewart Tonkinson,Services,2017-12-07 13:02:45,2018-08-02 03:46:27
Eryn Gilston,Accounting,2005-01-14 10:28:26,2018-06-02 10:40:24
Bobina Trotman,Marketing,2004-11-22 11:55:23,2017-11-21 19:31:14
Marne Saffrin,Accounting,2009-04-29 01:18:46,2017-11-03 23:53:31
Egan Fevier,Marketing,1995-03-17 11:01:05,2018-04-12 06:10:13
Nalani Pyrke,Marketing,1994-01-05 22:22:55,2018-08-28 13:49:15
Jilleen Wetherell,Sales,2004-03-26 00:33:34,2018-01-24 06:54:22
Halley Facey,Training,1982-01-15 05:12:34,2018-08-10 07:27:04
Sheppard Franzen,Accounting,1975-09-29 12:10:08,2018-09-12 06:05:00
Jard Featherstonhaugh,Support,2001-02-02 12:57:44,2018-03-13 23:14:07
John Graal,Support,1978-06-29 05:29:46,2017-11-27 17:01:53
Jedidiah Gatsby,Product Management,1976-06-13 07:37:37,2018-03-09 13:09:01
Dion Spir,Legal,2009-12-11 19:57:01,2017-10-12 11:21:53
Carri Reeve,Engineering,2008-02-10 14:59:37,2018-05-04 22:42:02
Hagen Tallent,Training,1999-01-24 06:17:33,2017-10-08 10:09:48
Ellsworth Conochie,Training,1983-04-22 06:42:17,2018-08-22 15:18:17
Farlay Linde,Human Resources,1973-10-03 20:56:47,2018-05-22 18:27:48
Joane Tithecote,Accounting,1976-04-16 16:09:15,2018-04-17 23:31:16
Ricky Cuttell,Legal,1981-07-14 10:09:45,2018-03-06 22:01:12
Ardelia Pott,Sales,1976-04-18 05:14:29,2018-04-04 11:07:49
Rube Wilfling,Research and Development,1994-11-10 19:02:11,2018-05-18 06:02:16
Odo Ethelstone,Training,2003-05-07 20:35:47,2018-01-17 10:56:52
Dela Paulson,Business Development,1975-08-23 07:14:37,2018-04-07 06:26:01
Garrard Mazonowicz,Support,1997-11-24 11:47:22,2018-03-19 00:53:45
Esmaria Nowlan,Business Development,1973-06-02 08:21:29,2017-10-15 13:11:27
Teressa Sauvain,Accounting,2016-02-13 02:37:51,2018-03-20 18:23:48
Candis Needs,Product Management,1983-10-11 00:17:15,2018-05-11 21:46:48
Elvyn Burdoun,Legal,1974-03-23 23:16:00,2017-10-05 11:08:25
Tobi Smy,Accounting,1982-08-09 11:02:57,2018-05-08 19:01:48
Trista Todeo,Services,1989-03-03 02:58:26,2017-12-12 22:38:17
Fin Sheerin,Legal,2001-06-27 12:13:41,2017-12-23 18:20:51
Malcolm Carmen,Services,2012-11-14 23:03:00,2017-12-03 08:33:34
Dorella Guttridge,Research and Development,1981-01-14 09:26:44,2018-07-31 12:52:08
Sydelle Luckes,Product Management,1997-10-03 04:17:38,2018-09-07 04:55:16
Andrew Siddens,Accounting,2009-11-06 16:46:08,2017-12-01 05:56:55
Ravid Espasa,Research and Development,1994-12-10 12:09:50,2018-06-21 08:16:11
Catlaina Sentinella,Legal,2002-04-29 02:49:19,2018-08-11 00:14:19
Louisa Lucius,Business Development,2001-11-16 04:49:06,2018-07-23 18:47:50
